,ix_bitrate,youtube_viewchange,youtube_views,steam_users,steam_ingame,twitch_views,twitch_channels,twitch_viewtime,twitch_streams,ps_users,stock_med,stock_bank,stock_energy,stock_oil,stock_steel,stock_automotive,stock_telecom,corona_deaths,corona_confirmed,corona_recovered,corona_active,new_confirmed,corona_new_recovered,Date
1095,-0.04742934597183983,69514163.08405127,111697290.04676637,116807944.85714287,36088114.714285724,1357375.0,52821.0,1009887000.0,3935308.0,1178600.0,,,,,,,,0.0,0.0,0.0,0.0,0.0,0.0,2020-01-01
1096,-0.045452877742554264,70038045.01621102,111475021.808921,117503633.64285713,36460650.071428575,1362018.6564777282,52947.06000925574,1011102097.1872035,3936504.3888502717,1035450.0,0.6666724532297813,0.1953961946632264,0.46821425646644327,0.06716969699786533,-0.14489139898632122,0.26031755202823703,0.16945329283694793,0.0,0.0,0.0,0.0,0.0,0.0,2020-01-02
1097,-0.04194431355047392,70517035.86231218,111271735.56137615,118076402.50000003,36751933.071428575,1366359.877028301,53055.71482667018,1011920398.5418377,3935588.5309457043,950200.0,0.568138586412839,0.17347440964140726,0.4038786718055221,0.10231397857879013,-0.164401840775331,0.2563369849277097,0.12449407682526135,0.0,0.0,0.0,0.0,0.0,0.0,2020-01-03
1098,-0.03807279439801724,70900503.34715192,111098531.82404949,118608723.64285713,36996302.35714286,1370409.7451567964,53148.116967019596,1012368305.4399529,3932730.2455714266,891600.0,,,,,,,,0.0,0.0,0.0,0.0,0.0,0.0,2020-01-04
1099,-0.032116423310279245,71146684.83347309,110963494.10327815,119158759.35714285,37195274.35714285,1374179.3443682895,53225.41894508021,1012472219.2575971,3928099.3520125616,847075.0,,,,,,,,0.0,0.0,0.0,0.0,0.0,0.0,2020-01-05
1100,-0.02800340611159554,71231068.87625429,110871558.64737009,119656823.35714287,37316998.2142857,1377679.758167856,53288.77327562829,1012258541.3708199,3921865.669554236,818675.0,0.5952273998181796,0.18990011419869987,0.419582167592082,0.14625890676422892,-0.18213738440883925,0.2188200593612631,0.13314191522075866,0.0,0.0,0.0,0.0,0.0,0.0,2020-01-06
1101,-0.02817219483046493,71152074.15866196,110824821.97858657,119927075.07142858,37312266.92857142,1380922.070060573,53339.332473440125,1011753673.1556712,3914199.0174815776,787775.0,0.6192754195285184,0.1525563132413486,0.4305246967807727,0.10672828919641336,-0.18030048680672933,0.2589664365249615,0.12707596970397916,0.0,0.0,0.0,0.0,0.0,0.0,2020-01-07
1102,-0.029630004345927368,70933538.90919405,110823199.00022866,119867900.28571431,37155737.21428572,1383917.3635515163,53378.24905329194,1010984015.9881996,3905269.21507971,746500.0,0.6340646553960096,0.16084714710393172,0.41022967592181525,0.08401426675586626,-0.1813272556036619,0.23759543444843936,0.11701599824451123,0.0,0.0,0.0,0.0,0.0,0.0,2020-01-08
1103,-0.03012773963851077,70625505.4583017,110865156.43138228,119470083.64285715,36853618.21428571,1386676.722145762,53406.67552996001,1009975971.2444545,3895246.081633761,694500.0,0.6996832165874664,0.21331524389207568,0.40442445742662547,0.04642753069677756,-0.16608363112760988,0.2551246736764129,0.10767476364738576,0.0,0.0,0.0,0.0,0.0,0.0,2020-01-09
1104,-0.027229153116502383,70299791.73632693,110948446.24166292,118783652.7857143,36430038.357142866,1389211.229348386,53425.76441822057,1008755940.3004845,3884299.4364288542,634675.0,0.7199879503430213,0.20042453402771615,0.4128086372328326,0.0557848021678505,-0.16720954271721392,0.23511054672509596,0.13049236628995428,0.0,0.0,0.0,0.0,0.0,0.0,2020-01-10
1105,-0.021748746456669826,70040349.71275558,111070836.31323567,117946614.00000001,35936486.64285714,1391531.9686644645,53436.66823284989,1007350324.5323397,3872599.098750118,594400.0,,,,,,,,0.0,0.0,0.0,0.0,0.0,0.0,2020-01-11
1106,-0.01650132267104931,69932288.01678711,111230783.31764095,117072174.7857143,35439690.28571428,1393650.0235990745,53440.53948862424,1005785525.316069,3860314.887882679,580200.0,,,,,,,,0.0,0.0,0.0,0.0,0.0,0.0,2020-01-12
1107,-0.014439317507390304,70050008.47446184,111427819.73264201,116158577.35714287,34949077.928571425,1395576.4776572906,53438.53070031984,1004087944.0277212,3847616.6231116587,584200.0,0.7142316662925966,0.19942788349263887,0.40753277334403065,0.01676262348944612,-0.16280967402686564,0.23463202418100437,0.1097846519129054,0.0,0.0,0.0,0.0,0.0,0.0,2020-01-13
1108,-0.015664396715686753,70446776.36750793,111662456.53597106,115280599.71428572,34485816.71428572,1397322.4143441904,53431.79438271297,1002283982.0433459,3834674.123722188,591350.0,0.7064164677917871,0.23075622940097076,0.4434340962593387,0.016710071812532715,-0.15297016446096995,0.27871501359124234,0.11227020547431382,0.0,0.0,0.0,0.0,0.0,0.0,2020-01-14
1109,-0.017244697028961788,71146897.2416943,111935780.03497767,114524464.07142858,34087770.0,1398898.9171648494,53421.483050579904,1000400040.7389929,3821657.2089993907,571775.0,0.7590826177979962,0.21437877246960482,0.4794796442511402,0.0019411451943302485,-0.1571859016302295,0.25969485135905146,0.1178477435845268,0.0,0.0,0.0,0.0,0.0,0.0,2020-01-15
1110,-0.014975944565800913,72139798.16404432,112248996.30777122,113904078.21428572,33762303.0,1400317.069624344,53408.749218696896,998462521.4907106,3808735.6982283946,528650.0,0.8191147215537922,0.21628094284842858,0.5313302519165082,0.021398913384740197,-0.16323853640159897,0.2381206049334207,0.14298550895237458,0.0,0.0,0.0,0.0,0.0,0.0,2020-01-16
1111,-0.007727206842196067,73380731.46790089,112602975.6443643,113421349.21428573,33505406.285714284,1401587.95522775,53394.745401840155,996497825.6745483,3796079.410694322,487575.0,0.840302584052607,0.22970869965611457,0.5436056174043439,0.007554982061056646,-0.16376143998892306,0.25819458644532617,0.18939472027931095,0.0,0.0,0.0,0.0,0.0,0.0,2020-01-17
1112,0.002776457935880005,74798100.98584299,112997763.65631805,112951594.5,33262244.071428567,1402722.6574801428,53380.62411478597,994532354.6665549,3783858.165682301,469025.0,,,,,,,,0.0,0.0,0.0,0.0,0.0,0.0,2020-01-18
1113,0.012828458991091288,76302634.08604072,113432044.21192488,112400322.64285713,32981962.35714285,1403732.2598866005,53367.537872310626,992592509.8427811,3772241.7824774594,481300.0,,,,,,,,0.0,0.0,0.0,0.0,0.0,0.0,2020-01-19
1114,0.017612502518276917,77798726.14847611,113903018.96217959,111919939.42857143,32729812.21428571,1404627.845952198,53356.639189190355,990704692.5792745,3761400.0803649207,511125.0,,,,,,,,0.0,0.0,0.0,0.0,0.0,0.0,2020-01-20
1115,0.016948493686845475,79196221.12312293,114406800.11621061,111564565.07142858,32541419.428571437,1405420.4991820115,53349.08058020139,988895304.252085,3751502.8786298116,538200.0,0.8568481240535595,0.15738864256816454,0.5902571046708147,-0.04101508436859798,-0.17253215309836184,0.2924270929936974,0.23251445705644094,17.0,555.0,28.0,510.0,555.0,28.0,2020-01-21
1116,0.011292629150907731,80420542.94661248,114938875.86558446,111260709.2857143,32387451.35714286,1406121.303081117,53346.01456012001,987190746.2372617,3742719.9965572576,540450.0,0.890507367526531,0.14409843980155795,0.6424528773186767,-0.08376366661329798,-0.17359049695659248,0.3174698744575155,0.24913302695091114,35.0,1208.0,58.0,1115.0,99.0,2.0,2020-01-22
1117,0.005610009323290402,81421232.9668412,115494566.64178073,111043690.21428572,32280214.57142857,1406741.3411545912,53348.59364372248,985617419.910854,3735221.2534323866,523475.0,0.8749371860259918,0.09081126292364891,0.6279028577890886,-0.12283316817011812,-0.1894701046102752,0.310263144842851,0.22557687506963073,44.0,1594.0,66.0,1484.0,288.0,6.0,2020-01-23
1118,0.0029918424113776353,82174687.85467346,116069481.37366728,110932978.21428572,32216318.785714287,1407291.6969075098,53357.970345785056,984201726.6489106,3729176.468540322,506150.0,0.9358057119844748,0.11650452165642593,0.6717245922386393,-0.11397204359485441,-0.18593539577289528,0.32931664197826493,0.2339207105316644,68.0,2379.0,75.0,2236.0,497.0,3.0,2020-01-24
1119,0.0018927666230480651,82681098.00273904,116659986.77656727,110946425.99999999,32203471.499999996,1407783.4538449494,53375.29718108399,982970067.8274817,3724755.4611661914,500075.0,,,,,,,,98.0,3556.0,91.0,3367.0,680.0,13.0,2020-01-25
1120,0.0036284210572391958,82959563.77286437,117263591.14397082,111096277.49999999,32265193.14285714,1408227.6954719853,53401.72666439551,981948844.8226153,3722128.050595119,512550.0,,,,,,,,138.0,5044.0,113.0,4793.0,808.0,9.0,2020-01-26
1121,0.004177357946479073,83040339.54670452,117878714.95579532,111293529.21428572,32371981.071428567,1408635.5052936946,53438.411310495925,981164459.0103616,3721464.0561122345,530375.0,0.7796162128308395,-0.02108269775818939,0.6680917229114064,-0.19184234217786933,-0.21327430389814409,0.2584351114450929,0.16030064664071128,213.0,8504.0,168.0,8123.0,2652.0,46.0,2020-01-27
1122,0.002974069869971444,82955961.76808116,118504095.9174953,111559296.64285715,32518022.14285714,1409017.966815153,53486.50363416146,980643311.7667693,3722933.297002661,540475.0,0.8029093210218475,0.002233665014167765,0.6711192589252041,-0.19627361302242857,-0.22012848169520138,0.2776056484464016,0.17945679605013748,264.0,11743.0,233.0,11246.0,587.0,19.0,2020-01-28
1123,0.002154065752363916,82733909.9721674,119138418.01969132,111985271.28571428,32731621.5,1409386.1635414362,53547.15615016837,980411804.4678879,3726705.592551524,524050.0,0.827009509123519,0.01987979199033777,0.695488878969107,-0.19436028882448764,-0.21535431497322666,0.2979473185809437,0.2291079796308719,304.0,14400.0,269.0,13827.0,2070.0,17.0,2020-01-29
1124,0.0005402932728007209,82390575.04075164,119780015.53296588,112501450.35714285,32994796.214285713,1409751.178977621,53621.521373292926,980496338.4897661,3732950.762043951,485250.0,0.7509605673116453,-0.052702286775162324,0.6969161267463988,-0.274267657371779,-0.2377964575973363,0.303613834587487,0.12810168298673943,384.0,18160.0,365.0,17411.0,1690.0,79.0,2020-01-30
1125,-0.0009069875039060335,81929568.35226786,120426577.0026593,113077119.42857142,33314731.285714284,1410124.0966287837,53710.75181831139,980923315.2084539,3741838.6247650674,448175.0,0.7659978896026427,-0.022528175854902265,0.7194575746967002,-0.3169783729997411,-0.2429098630902307,0.30026586989570464,0.16242034302443553,472.0,22008.0,511.0,21025.0,2113.0,62.0,2020-01-31
1126,-0.0028437731483281115,81344371.82659113,121074871.2044505,113733415.35714285,33695069.21428572,1410516.0,53816.0,981719136.0,3753539.0,430400.0,,,,,,,,259.0,12049.0,283.0,11507.0,1.0,0.0,2020-02-01
1127,-0.007121251363037815,80622436.10007712,121720687.68087333,114423967.85714285,34087676.50000001,1410944.4141748727,53938.293767644835,982907498.4116788,3768180.7213636134,441250.0,,,,,,,,362.0,16694.0,465.0,15867.0,4749.0,188.0,2020-02-02
1128,-0.011964277469433168,79751784.35506237,122359318.00851527,115100166.64285715,34459714.78571429,1411452.630551114,54078.162308571336,984501284.6756655,3785728.679789737,466525.0,0.7207260122703626,-0.06871040988008342,0.6917545889703153,-0.38965037513405726,-0.26491664164547374,0.3142392262685024,0.14763876996998146,425.0,19750.0,615.0,18710.0,3094.0,151.0,2020-02-03
1129,-0.015174827186969544,78728545.3958578,122986118.11956817,115719943.7857143,34793354.71428571,1412090.3821049603,54236.01014461472,986510673.1953602,3806106.780541937,488800.0,0.8295164574114597,-0.007683736547578419,0.6955806097665179,-0.34211271067893206,-0.2392209804123883,0.496443169842744,0.13274358990572516,491.0,23833.0,851.0,22491.0,4011.0,229.0,2020-02-04
1130,-0.017506381266682174,77563096.16607375,123596710.60890138,116221626.64285716,35060039.571428575,1412907.4018126507,54412.241797610215,988945842.374163,3829238.928883782,482275.0,0.8623210779288267,0.03557695321563419,0.6830262202178788,-0.30734152161687706,-0.22967868195788776,0.4850265337871492,0.16913083386211142,563.0,27516.0,1115.0,25838.0,3744.0,272.0,2020-02-05
1131,-0.01685626592422739,76284932.06970038,124187094.08283788,116664330.71428572,35270796.28571428,1413953.422650422,54607.26178939306,991816970.6154747,3855049.030078838,452625.0,0.8705206199995468,0.1409799287672527,0.7154875308691864,-0.27396614163112165,-0.19130376745104125,0.42568374394089314,0.21962854048349895,633.0,30695.0,1482.0,28580.0,3182.0,363.0,2020-02-06
1132,-0.014197949171745754,74943146.82092455,124753752.5079295,117066820.7142857,35434035.428571425,1415278.1775945132,54821.47464179851,995134236.3226947,3883460.989390676,425125.0,0.8550255437667055,0.10643014575759098,0.7262571270554989,-0.34127715225001937,-0.20310927509234458,0.4133070634006459,0.2587361174519,719.0,34245.0,2004.0,31522.0,3533.0,524.0,2020-02-07
1133,-0.01196987882656893,73602521.82268323,125293705.31822252,117380701.07142857,35545503.35714285,1416931.3996211612,55055.28487666176,998907817.8992233,3914398.71208286,414475.0,,,,,,,,805.0,36944.0,2612.0,33527.0,2729.0,605.0,2020-02-08
1134,-0.00927659917791502,72338303.36148767,125804279.64862995,117638416.85714285,35629875.00000001,1418962.8217066051,55309.097015818086,1003147893.7484614,3947786.103418961,431300.0,,,,,,,,905.0,39981.0,3231.0,35845.0,3027.0,628.0,2020-02-09
1135,-0.006294762912002465,71228951.48249762,126282737.33403294,117901668.14285715,35711429.71428572,1421422.1768270824,55583.31558110271,1007864642.2738086,3983547.068662545,457825.0,0.7891464653255469,0.05016369872230359,0.707209883458251,-0.37413526685459647,-0.201263325006061,0.4346593257072572,0.2472421069779666,1012.0,42500.0,3929.0,37559.0,2541.0,702.0,2020-02-10
1136,-0.004379290072571422,70347429.05537823,126726230.86009635,118166698.35714285,35795631.78571429,1424359.1979588305,55878.34509435085,1013068241.8786651,4021605.51307718,478625.0,0.8570756590113886,0.11814818302762076,0.7322232024908698,-0.3317457097699605,-0.19004225369400615,0.4334622920416661,0.3427979415162827,1112.0,44582.0,4679.0,38791.0,2040.0,737.0,2020-02-11
1137,-0.0009160313527068788,69752767.3888455,127132074.17267425,118423695.35714287,35888945.21428572,1427823.6180780872,56194.590077397756,1018768870.966431,4061885.3419264327,471575.0,0.8630422694000083,0.14678920981701366,0.7300013350867169,-0.2840862184787457,-0.18554184209693375,0.4616621793202701,0.36744361327378294,1118.0,44908.0,5124.0,38666.0,379.0,467.0,2020-02-12
1138,0.004765594034423764,69482562.17682871,127498072.79220133,118631918.35714285,35982662.071428575,1431865.1701610917,56532.45505207869,1024976707.9405072,4104310.4604738727,439575.0,0.7836739420156373,0.12569099289546515,0.7206409278554325,-0.3401035388492629,-0.19590727274487815,0.423284540700964,0.35925662947413384,1370.0,60098.0,6275.0,52453.0,15148.0,1145.0,2020-02-13
1139,0.012036834279659972,69549410.46455115,127822853.92808463,118747061.42857142,36051842.5,1436533.5871840806,56892.34454022884,1031701931.2042934,4148804.773983067,410400.0,0.8048020531274035,0.11593560587358384,0.7943103778641927,-0.34217207672117866,-0.20406150775908616,0.4513312042662665,0.38298125695837826,1522.0,66473.0,8005.0,56946.0,6474.0,1763.0,2020-02-14
1140,0.018515741051426702,69941288.63452904,128106271.92075263,118787451.14285713,36093916.64285714,1441878.6021232929,57274.663063683474,1038954719.1611898,4195292.187717583,396325.0,,,,,,,,1665.0,68618.0,9355.0,57598.0,2078.0,1337.0,2020-02-15
1141,0.018506717124783793,70623157.64368083,128350040.45165987,118745227.07142857,36109654.928571425,1447949.9479549655,57679.815144277825,1046745250.2145966,4243696.606940989,410725.0,,,,,,,,1768.0,70751.0,10825.0,58158.0,2124.0,1470.0,2020-02-16
1142,0.012023291364673698,71540823.58826429,128557982.66855419,118631144.35714285,36104219.428571425,1454797.3576553368,58108.2053038471,1055083702.7679138,4293941.936916851,441900.0,,,,,,,,1866.0,72688.0,12537.0,58285.0,1935.0,1718.0,2020-02-17
1143,0.0012605352671570713,72627293.96542779,128735560.42995317,118482711.64285713,36086723.78571428,1462470.564200645,58560.23806422657,1063980255.2245423,4345952.082908739,469775.0,0.8045337791755577,0.11110442056643241,0.8771312506335386,-0.40531018717570444,-0.21967896356208047,0.44709803414789184,0.3823437156421624,2004.0,74435.0,14285.0,58146.0,1790.0,1769.0,2020-02-18
1144,-0.006222128696295978,73809873.44286962,128889206.82250696,118309840.14285713,36062541.214285724,1471019.300567127,59036.31794725144,1073445085.9878813,4399650.9501802195,475200.0,0.7869389603743926,0.08861598132671068,0.8841746017908244,-0.3765230315395398,-0.22318464812820268,0.4923016056424287,0.4248356967660072,2120.0,74834.0,16031.0,56683.0,424.0,1768.0,2020-02-19
1145,-0.004405768773211097,75017035.46542779,129025649.30700527,118164321.7142857,36037894.28571429,1480493.2997310224,59536.849474756986,1083488373.461332,4454962.443994862,454250.0,0.7782290890319956,0.09297997019475947,0.8402935839951702,-0.3707301285673323,-0.23006088179770026,0.4988028773658195,0.4135462785532437,2243.0,75304.0,18050.0,55011.0,545.0,2056.0,2020-02-20
1146,0.003502808631989087,76183872.58533911,129151232.86438468,118127393.92857143,36034567.64285715,1490942.294668568,60062.23716857842,1094120296.048294,4511810.4696162315,426575.0,0.7432692563488055,0.06510771122757139,0.8738569131255788,-0.4313515788583418,-0.24640836199091615,0.5104144356765065,0.3756241573252028,2247.0,76141.0,18845.0,55049.0,644.0,713.0,2020-02-21
1147,0.011263561266944012,77256125.51616727,129271190.75322947,118185546.85714287,36051258.78571428,1502416.0183560012,60612.88555055095,1105351032.1521676,4570118.932307896,408075.0,,,,,,,,2453.0,77718.0,22758.0,52507.0,1756.0,3996.0,2020-02-22
1148,0.013466668328161423,78193533.82947315,129388839.2413413,118305732.28571428,36066577.21428572,1514964.2037695614,61189.19914250985,1117190760.1763532,4629811.737333426,406975.0,,,,,,,,2464.0,78121.0,23303.0,52354.0,329.0,509.0,2020-02-23
1149,0.006468243097872925,78971138.50396195,129505399.88826317,118486659.07142858,36084395.35714285,1528636.583885485,61791.58246629035,1129649658.5242507,4690812.789956386,418725.0,0.5961448429687743,-0.07491750132214813,0.8075392874441429,-0.5730471192555608,-0.2959792744426527,0.38691695015458616,0.2944534706922846,2624.0,78657.0,25095.0,50938.0,585.0,1834.0,2020-02-24
1150,-0.004006107068812808,79578225.77685086,129620498.57480653,118717218.42857143,36104416.571428575,1543482.8916800113,62420.44004372768,1142737905.5992606,4753045.995440345,430775.0,0.5650283135375855,-0.08081433605816177,0.8126098865998783,-0.5947758010627919,-0.28714401109656507,0.3980187976503211,0.2556649838402704,2704.0,79635.0,27853.0,49078.0,845.0,2678.0,2020-02-25
1151,-0.009860750126451961,80016488.70542525,129732650.00170456,118988043.64285713,36111743.07142857,1559552.860129377,63076.176396657065,1156465679.8047826,4816435.259048871,426225.0,0.4193355103058876,-0.13479116819240208,0.6771272628488324,-0.6922578759393043,-0.29478834591171565,0.31555349960214674,0.11318793685826939,2765.0,80579.0,30304.0,47510.0,968.0,2469.0,2020-02-26
1152,-0.006718321303580816,80297990.90663776,129839702.09877199,119255971.64285713,36098794.00000001,1576896.2222098215,63759.19604691376,1170843159.5442173,4880904.486045533,408975.0,0.2806212418451777,-0.2432533480086171,0.6579697003785573,-0.8227468919494227,-0.31011160809803917,0.2391153372446585,0.006029484441174468,2808.0,81795.0,33147.0,45840.0,1359.0,2893.0,2020-02-27
1153,0.007220873193111462,80442529.37474346,129939280.43406443,119475361.42857143,36065354.78571428,1595562.710897581,64469.90351633298,1185880523.2209651,4946377.581693895,393950.0,-0.004269012765914355,-0.40396257850723694,0.2911290595174974,-0.9847906572961834,-0.3330090865780996,0.08856010982882963,-0.28628396382238297,2865.0,83208.0,36583.0,43760.0,1367.0,3434.0,2020-02-28
1154,0.027909919383828752,80474396.3769707,130029223.45620851,119697479.78571428,36034641.14285715,1615602.0591688945,65208.70332674998,1201587949.2384257,5012778.451257528,392875.0,,,,,,,,2934.0,85217.0,39745.0,42538.0,1891.0,3071.0,2020-02-29
1155,0.046928178852544265,80419163.29243234,130107853.29261294,119964027.2857143,36028947.21428571,1637064.0,65976.0,1217975616.0,5080031.0,412250.0,,,,,,,,2989.0,87549.0,42675.0,41885.0,2357.0,2934.0,2020-03-01
1156,0.05906899700532803,80301259.47247887,130173696.30596775,120181927.50000001,36010220.35714286,1659971.6452670114,66771.77894771822,1235042664.4822257,5148060.527028595,436175.0,0.07391068052101679,-0.2992698611833944,0.28939186846050824,-0.8508857761122103,-0.31803063144746047,0.184526695645452,-0.22450689202337934,3078.0,89450.0,45545.0,40827.0,1938.0,2886.0,2020-03-02
1157,0.06261093628618256,80142683.65559882,130225044.64554131,120314733.85714284,35967829.071428575,1684241.62244555,67594.34914073977,1252744085.9541938,5216797.906825482,453950.0,0.3021970361503758,-0.23887028930625367,0.5723239812822336,-0.7596929884145389,-0.3044242188741227,0.2860472182825209,-0.07493365981713028,3152.0,91910.0,48161.0,40597.0,2534.0,2627.0,2020-03-03
1158,0.05741539025482484,79962279.42633474,130259842.39999203,120400315.07142857,35931006.57142857,1709763.9379111142,68441.60043969973,1271023834.2581341,5286175.407716548,448000.0,0.2733547182747151,-0.2801390773397331,0.5961425067793227,-0.7808802403234423,-0.3001174579869968,0.21361242428100036,-0.10161324143484386,3245.0,94071.0,51010.0,39816.0,2277.0,2942.0,2020-03-04
1159,0.04890766724008172,79775250.3326033,130275660.39247797,120438960.0714286,35906492.571428575,1736428.598039201,69311.42270523317,1289825863.236276,5356125.2980276765,420575.0,0.28987447679217215,-0.3360186257887295,0.710247613304469,-0.8270431121218444,-0.3226011615659466,0.17629566962252052,-0.08172480888212423,3339.0,96973.0,53744.0,39890.0,2758.0,2626.0,2020-03-05
1160,0.040331464128295795,79593451.3786557,130269670.9757669,120435643.5,35888314.071428575,1764125.6092053086,70201.70579797517,1309094126.730848,5426579.846084755,396775.0,0.08919435829714997,-0.48593427923330196,0.5650030885546625,-0.9181308315196282,-0.3461211531306869,0.10028251600783131,-0.2797456801553263,3453.0,100872.0,55800.0,41619.0,3911.0,2039.0,2020-03-06
1161,0.034506356539611635,79426456.89367785,130238697.7625122,120360451.00000001,35857300.428571425,1792744.9777849342,71110.33957856084,1328772578.5840802,5497471.320213669,386975.0,,,,,,,,3551.0,104783.0,58293.0,42939.0,4030.0,2493.0,2020-03-07
1162,0.029828601422379388,79282843.76771507,130179658.77407669,120199147.57142858,35807583.28571428,1822176.7101535762,72035.21390762524,1348805172.6382017,5568731.988740305,398975.0,,,,,,,,3796.0,108774.0,60609.0,44369.0,3978.0,2353.0,2020-03-08
1163,0.025261483015107878,79171618.26984645,130090387.83524613,120064477.42857142,35780463.92857143,1852310.8126867323,72974.21864580343,1369135862.7354412,5640294.11999055,421500.0,-0.13085382635560622,-0.7186548442995307,0.33882379409208896,-1.3918420673189367,-0.4162648021337567,-0.08299692044721284,-0.5185571473918176,3987.0,112077.0,62322.0,45768.0,3768.0,1817.0,2020-03-09
1164,0.02077707298853396,79103158.93367864,129970173.90015285,120009545.14285715,35778845.428571425,1883037.2917598998,73925.2436537305,1389708602.7180285,5712089.982290288,439100.0,0.02111731802067432,-0.6651215974300884,0.3643174684942191,-1.2439174494385854,-0.39007781237464517,-0.0048836662665043586,-0.530809014414757,4252.0,117569.0,64270.0,49047.0,4975.0,1832.0,2020-03-10
1165,0.01570136720966364,79089435.14137398,129819868.40339518,120016423.42857142,35778133.85714286,1914246.1537485768,74886.17879204158,1410467346.4281933,5784051.843965408,436350.0,-0.11918487970754453,-0.7283283148731742,0.19972369547118432,-1.3865769847987672,-0.4116413250528357,-0.03030549771789927,-0.5858584601422996,4613.0,125252.0,66688.0,53951.0,7530.0,2402.0,2020-03-11
1166,0.016045828213175826,79143900.06239294,129641902.46765405,120133668.92857145,35798309.14285714,1945827.4050282608,75854.91392137168,1431356047.7081637,5856111.973341792,417075.0,-0.5923189238933815,-0.9698493231421609,-0.31632781773602087,-1.633100812576731,-0.4519151366084006,-0.196345969576796,-0.966682835239561,3810.0,109467.0,66720.0,38937.0,2459.0,1313.0,2020-03-12
1167,0.021571346235433185,79280539.75947246,129440304.11130945,120397548.2857143,35854811.92857143,1977671.0519744502,76829.33890235596,1452318660.4001706,5928202.638745331,403850.0,-0.5630491575358574,-0.8362757484437787,-0.39055838375408103,-1.6053408924330261,-0.4325038376120625,-0.18290008485568177,-0.9655458953914996,5397.0,144527.0,69930.0,69200.0,16857.0,1929.0,2020-03-13
1168,0.029512366612669705,79512078.46184003,129220622.49775891,120824113.5,35959638.07142857,2009667.1009626414,77807.34359562938,1473299138.3464415,6000256.108501906,413400.0,,,,,,,,6178.0,158781.0,72648.0,79955.0,14664.0,2757.0,2020-03-14
1169,0.03524811395168705,79847937.43431054,128989467.5722355,121432752.0,36127160.14285714,2041705.5583683338,78786.81786182716,1494241435.3892071,6072204.650937406,452775.0,,,,,,,,4585.0,139751.0,73151.0,62015.0,7562.0,3028.0,2020-03-15
1170,0.03522633552288652,80292007.4789397,128754004.50142798,122282603.78571428,36361899.14285714,2073676.4305670247,79765.65156158431,1515089505.3706958,6143980.534377717,513875.0,-0.9454594242603286,-1.1759868120725554,-0.7971517194853144,-1.9393789598536921,-0.5264955803812624,-0.41802671173410905,-1.2902688711518306,7103.0,178565.0,77757.0,93705.0,14129.0,2062.0,2020-03-16
1171,0.031199870653731386,80841042.35073917,128521849.54650909,123493397.07142857,36709913.85714285,2105469.7239342113,80741.73455553592,1535787302.1331375,6215516.027148726,583000.0,-0.7135226673855548,-1.0606429087146176,-0.7031973037701976,-1.9534238809860578,-0.5230119516875805,-0.3783505842777426,-1.2986360707731068,7890.0,195637.0,80480.0,107267.0,15629.0,2757.0,2020-03-17
1172,0.027055778163433693,81483983.6377091,128301139.61191736,125138653.28571428,37204288.64285716,2136975.4448453914,81712.95670431704,1556278779.518761,6286743.397576317,634800.0,-0.7603518567424874,-1.1976700488543608,-0.6890496518297202,-2.089225930907097,-0.5463257558587918,-0.46480788774292,-1.350835835635217,8719.0,213506.0,82971.0,121816.0,17735.0,2473.0,2020-03-18
1173,0.03200387087885297,82201801.2187122,128100620.49349253,127223255.71428572,37816216.92857143,2168083.599676063,82677.20786856281,1576507891.3697953,6357594.9139863765,669250.0,-0.7631437922973932,-1.3429392339541584,-0.8159792262793479,-2.252717947714034,-0.553827986812378,-0.504019541301886,-1.4563278420224397,9847.0,241390.0,84623.0,146920.0,27799.0,1661.0,2020-03-19
1174,0.046864510333834264,82968902.5086723,127929735.12661143,129716152.14285713,38523032.071428575,2198684.194801724,83632.3779089083,1596418591.528471,6428002.844704792,699075.0,-0.8787858019288282,-1.1455960407057795,-0.8348300278846608,-2.097368474051297,-0.5315934316958499,-0.39359065626225176,-1.2612876272078997,11289.0,271122.0,87058.0,172775.0,29458.0,2471.0,2020-03-20
1175,0.06757292574543948,83756110.49109802,127798771.13930945,132510842.21428572,39300249.92857142,2228667.236597872,84576.3566859885,1615954833.8370166,6497899.458057448,727150.0,,,,,,,,12961.0,303509.0,91346.0,199202.0,32361.0,4275.0,2020-03-21
1176,0.08662288885025289,84534039.89134759,127719127.64573798,135504527.5,40122512.35714286,2257922.7314400054,85507.03406043863,1635060572.1376607,6567217.022370232,763300.0,,,,,,,,14621.0,334762.0,97494.0,222649.0,31430.0,6215.0,2020-03-22
1177,0.09427305178987219,85276717.95262426,127703045.32361738,138635605.85714287,40966828.21428572,2286340.6857036194,86422.29989289367,1653679760.2726336,6635887.805969028,799725.0,-1.1764239064684041,-1.173634135748833,-1.190596749765695,-2.0656183978537404,-0.5498908890814822,-0.47743959720929247,-1.497700224623485,16489.0,377575.0,100391.0,260695.0,42501.0,3035.0,2020-03-23
1178,0.09238405973744652,85964740.56009525,127762775.28390494,141772860.35714287,41779722.35714286,2313811.105764215,87320.04404398875,1671756352.084164,6703844.077179723,825800.0,-1.1396892130997485,-1.0925042282373156,-1.1913078629918372,-1.8813732336699165,-0.509901285249046,-0.41536343849399715,-1.3832433475007178,18615.0,417964.0,107705.0,291644.0,40404.0,7367.0,2020-03-24
1179,0.08507481832925962,86587626.18002881,127909836.56607091,144763933.71428573,42520045.14285715,2340223.997997289,88198.15637435892,1689234301.4144816,6771018.104328206,830575.0,-1.031902428042271,-1.0103205647171263,-0.9553763162855773,-1.660783221913313,-0.4780255061519651,-0.20106762757024646,-1.3089435115561099,21171.0,466882.0,113183.0,332528.0,48918.0,5478.0,2020-03-25
1180,0.08165140810138116,87145588.84452674,128154326.81541543,147516939.42857143,43181465.5,2365469.3687783377,89054.5267446393,1706057562.1058154,6837342.155740359,816100.0,-0.8530424407706261,-0.9929163533396793,-0.6922244289619741,-1.6276050663267,-0.4844984175185784,-0.22545604646525805,-1.219536269117922,23958.0,528724.0,121536.0,383230.0,61842.0,8409.0,2020-03-26
1181,0.08963400798594769,87649292.9324936,128504232.96038562,149946814.64285716,43747736.07142856,2389437.2244828613,89887.04501546496,1722170088.000395,6902748.499742069,799375.0,-0.7284935476109519,-0.933837461015991,-0.52250559329827,-1.6492419302266386,-0.49880583021088004,-0.2249011921344876,-1.1323946197592438,27186.0,592394.0,130300.0,434908.0,63670.0,8764.0,2020-03-27
1182,0.10657916884953743,88117589.74684294,128964732.51853716,152027772.85714284,44203469.71428572,2412017.5714863557,90693.60104747093,1737515832.940449,6967169.404659224,788200.0,,,,,,,,30640.0,659795.0,138799.0,490356.0,67401.0,8499.0,2020-03-28
1183,0.12467300183955177,88574693.57221803,129537628.33272192,153825140.50000003,44562701.928571425,2433100.416164318,91472.08470129235,1752038750.7682073,7030537.138817707,787225.0,,,,,,,,33913.0,719190.0,148460.0,536817.0,59395.0,9661.0,2020-03-29
1184,0.1374240224859859,89046641.9193934,130221503.08776887,155378656.5714286,44860630.142857134,2452575.7648922484,92220.38583756429,1765682795.325899,7092783.970543408,793150.0,-0.5143342130782923,-0.9886201950919731,-0.3599417215385591,-1.6536239765349872,-0.49502150620639407,-0.20825992771980317,-1.1146168620520904,37570.0,781427.0,163944.0,579913.0,62237.0,15484.0,2020-03-30
1185,0.13964123008759938,89557314.2777288,131012091.9020422,156715936.71428573,45126007.85714286,2470333.6240456435,92936.39431692181,1778391920.4557533,7153842.16816221,795575.0,-0.39968508896919397,-0.9494922216187079,-0.31365360602569803,-1.4937974407289434,-0.47314777902854166,-0.29220991390572404,-1.0758331487734585,42094.0,856527.0,177407.0,637026.0,75100.0,13469.0,2020-03-31
1186,0.12904813108831573,90124636.89060542,131902161.21720777,157920892.21428573,45392185.78571429,2486264.0,93618.0,1790110080.0,7213644.0,783125.0,-0.6381797697492376,-0.9933472629154423,-0.522751385815759,-1.5222440013655703,-0.49660670455604183,-0.3480631075817296,-1.2317249545637152,46793.0,931610.0,192546.0,692271.0,75083.0,15408.0,2020-04-01
1187,0.11836633704631125,90757210.73850878,132881252.89023972,159040612.85714284,45679760.71428572,2500286.1931229085,94263.56539265723,1800794294.4021096,7272096.198872912,764150.0,-0.7171445557810149,-1.0407699066047746,-0.7059938035528746,-1.416564971072506,-0.5025267546547048,-0.39627751162700187,-1.2694875038174906,52967.0,1012130.0,209616.0,749547.0,80520.0,17070.0,2020-04-02
1188,0.11106117487001248,91452712.65862848,133935428.28542703,160172519.57142857,46021081.357142866,2512436.67975032,94873.34358164469,1810453850.510519,7329003.355558058,749650.0,-0.5686356405658598,-1.053472354364326,-0.711548755048434,-1.4076440527340799,-0.4992147207985292,-0.4051490376476444,-1.2322804561748457,58771.0,1094856.0,225146.0,810939.0,82726.0,15560.0,2020-04-03
1189,0.10813806577027987,92198069.60097478,135046972.27688646,161469539.07142857,46494885.857142866,2522781.230210276,95448.060298937,1819111101.774907,7384144.525322802,742100.0,,,,,,,,64590.0,1196311.0,245496.0,886225.0,101455.0,20351.0,2020-04-04
1190,0.10870580299913993,92970189.3321755,136193859.40489972,162862116.85714287,47063627.78571428,2531385.6148308213,95988.44127650866,1826788401.6449537,7437298.763434509,745475.0,,,,,,,,69358.0,1270991.0,259345.0,942288.0,74680.0,13855.0,2020-04-05
1191,0.10371699579046055,93737800.09410822,137349280.05807078,164135784.64285713,47620774.00000001,2538315.6039399984,96495.21224633422,1833508103.5703368,7488245.125160537,750900.0,-0.40841579616201484,-0.9720557976341706,-0.6421345317549296,-1.4629617122169547,-0.47368670349885694,-0.329259917536129,-1.1120464840803368,74549.0,1343959.0,275849.0,993561.0,72968.0,16507.0,2020-04-06
1192,0.09482904348257575,94464798.62918693,138483176.90657058,165204940.14285713,48124388.07142857,2543636.9678658494,96969.09894038821,1839292561.0007353,7536762.665768249,747975.0,-0.17041115210314323,-0.8129347605349544,-0.4092961422027609,-1.3141238519657714,-0.44187385725775324,-0.19477237864691618,-0.8935811983762812,81846.0,1424922.0,299369.0,1043707.0,80963.0,23520.0,2020-04-07
1193,0.08490356332198998,95114299.29079686,139565981.27079037,166026253.92857143,48527498.071428575,2547415.4769364176,97410.82709064514,1844164127.385828,7582630.440525007,733100.0,-0.27948387674265596,-0.8341370806456023,-0.5321104179840396,-1.3853823300270764,-0.45416024082685613,-0.20552289383440647,-0.9433077581091138,88316.0,1509914.0,327968.0,1093630.0,84992.0,28599.0,2020-04-08
1194,0.08025202494253057,95652645.84599803,140572796.95681712,166575480.35714284,48821106.428571425,2549716.9014797476,97821.12242907958,1848145156.1752949,7625627.504698175,713050.0,-0.07130721718641218,-0.7547983237420048,-0.3310649535904795,-1.2553935515244636,-0.44064391856201623,-0.13465369836497512,-0.8320820199745056,95433.0,1594159.0,353280.0,1145446.0,84245.0,25344.0,2020-04-09
1195,0.08731692360167821,96052737.47479863,141487584.0919098,166841438.50000003,49016209.5,2550607.011823878,98200.71068766604,1851258000.818813,7665532.913555113,705175.0,,,,,,,,102496.0,1690454.0,375378.0,1212580.0,96295.0,22098.0,2020-04-10
1196,0.09885931026574299,96296668.96599919,142307431.60227266,166762518.7142857,49016289.35714286,2550151.5782968546,98550.31759837903,1853525014.7660618,7702125.7223631805,709875.0,,,,,,,,108608.0,1770204.0,401374.0,1260222.0,79750.0,25996.0,2020-04-11
1197,0.10929517300381598,96378056.43869865,143047166.5382352,166436934.35714287,48844394.0,2548416.371226721,98870.66889319319,1854968551.4667218,7735184.986389748,727575.0,,,,,,,,114059.0,1845341.0,420985.0,1310297.0,75151.0,19611.0,2020-04-12
1198,0.11543757605920145,96303296.01222722,143742833.73391512,166121544.6428572,48666320.64285714,2545467.160941518,99162.49030408292,1855610964.3704696,7764489.76090217,747375.0,-0.060120346295349084,-0.7387906226218859,-0.2032077686873862,-1.2707109320269743,-0.4103048084609255,-0.14644623442757324,-0.8403231277260965,119457.0,1915946.0,447918.0,1348571.0,70605.0,27255.0,2020-04-13
1199,0.10881465851727416,96091033.49124591,144449527.00578895,165918471.7142857,48526710.21428572,2541369.7177692894,99426.50756302284,1855474606.9269853,7789819.10116781,746825.0,0.02758290868570785,-0.7704237145571405,-0.1780001706205439,-1.345286069599999,-0.4026600069410908,-0.04834509478398921,-0.8142283224208671,125957.0,1974713.0,473492.0,1375264.0,65281.0,25574.0,2020-04-14
1200,0.10105499072002894,95770554.32061933,145233908.7041966,165816740.92857143,48414044.00000001,2536189.812038079,99663.44640198744,1854581832.5859473,7810952.062454032,735575.0,-0.028520228896143255,-0.9055821417964963,-0.26348710395139807,-1.5099853726294845,-0.42953406002153105,-0.06468302433640331,-0.9062031008201662,134150.0,2054499.0,510249.0,1410100.0,79786.0,36757.0,2020-04-15
1201,0.10053471666096836,95379793.35106498,146165688.2082508,165792099.64285713,48304293.0,2529993.2140759276,99874.03255295129,1852954994.7970345,7827667.700028196,716100.0,0.054957937071914535,-0.8705133709573928,-0.2387113406478904,-1.5582738222500028,-0.4390893618642981,-0.11130323886425236,-0.8572681314308498,143771.0,2151018.0,541319.0,1465928.0,96519.0,31071.0,2020-04-16
1202,0.1043966780916406,94962346.07525787,147309100.4207453,165806431.64285713,48152390.78571428,2522845.694210879,100058.99174788891,1850616447.009926,7839745.069157666,701875.0,0.16582779754997737,-0.8385962850875459,-0.17414699235426417,-1.5353511895900862,-0.43173271897168497,-0.0339872160337321,-0.8280668139957574,153789.0,2238500.0,567541.0,1517170.0,87482.0,27071.0,2020-04-17
1203,0.11544949933407442,94563481.3343911,148714294.11956117,165879916.57142857,48013400.14285715,2514813.022770976,100219.04971877481,1847588542.6743002,7846963.225109801,706750.0,,,,,,,,159476.0,2316012.0,591508.0,1565028.0,77513.0,23967.0,2020-04-18
1204,0.12032216832137203,94226022.89917028,150408539.18707502,166002620.71428573,47920413.57142857,2505960.9700842625,100354.93219758355,1843893635.2398367,7849101.223151967,713475.0,,,,,,,,165009.0,2399600.0,623088.0,1611503.0,83588.0,31580.0,2020-04-19
1205,0.11097624279724327,93986685.82193793,152389686.26336357,166006187.50000003,47736847.28571429,2496355.3064787798,100467.36491628968,1839554078.1562133,7845938.1185515225,715500.0,0.20469876342895205,-0.8779639680013414,-0.214267509757377,-1.535472982541014,-0.44143012467601633,-0.09113834207805234,-0.8725078629325906,169951.0,2470460.0,644923.0,1655586.0,70860.0,21835.0,2020-04-20
1206,0.09547275340800813,93873315.03758694,154627660.05207098,165795894.35714287,47428987.78571429,2486061.802282572,100557.07360686769,1834592224.8731098,7837252.966575833,706600.0,0.11772147255730281,-0.9559821581521525,-0.348214813885674,-1.6057260585300108,-0.46329479936969514,-0.1168943630178446,-0.952594159691825,176547.0,2547476.0,679004.0,1691925.0,77016.0,34329.0,2020-04-21
1207,0.0790245240802498,93902751.89189172,157072998.04036668,165459883.5,47087431.92857143,2475146.22782368,100624.78400129214,1829030428.8402047,7822824.822492257,677575.0,0.1690580402911513,-0.9086945625303591,-0.2892493231778134,-1.4558656670630965,-0.4515603436591741,-0.11822711355975052,-0.897706555506136,182991.0,2621587.0,708879.0,1729717.0,76283.0,29875.0,2020-04-22
1208,0.07314701039531038,94079173.50588378,159666744.38261703,165101705.92857143,46756171.14285714,2463674.3534301487,100671.22183153756,1822891043.507177,7802432.741568159,643525.0,0.21171352821622652,-0.8653733367346698,-0.2656447732491875,-1.4116721122487061,-0.44293173441129957,-0.10188675249670116,-0.8927052059121814,190822.0,2707035.0,737647.0,1778566.0,85448.0,28768.0,2020-04-23
1209,0.08242000460568578,94394236.97337714,162350343.7840566,164778873.7142857,46465089.64285714,2451711.94943002,100697.11282957849,1816196422.3237054,7775855.779070901,620050.0,0.22196415128210856,-0.8862364344729177,-0.3170705988892911,-1.3621152849460738,-0.44177633184575354,-0.10532883024565681,-0.8837910102520034,197115.0,2808856.0,792581.0,1819160.0,101821.0,54938.0,2020-04-24
1210,0.09486314932660093,94829028.39164345,165075554.08381432,164462947.0,46190661.928571425,2439324.7861513374,100703.18272738946,1808968918.7394683,7742872.990267842,610950.0,,,,,,,,202812.0,2895027.0,815845.0,1876370.0,86171.0,23264.0,2020-04-25
1211,0.10567667169021394,95356472.71167123,167813557.40105826,164136424.85714284,45903710.28571428,2426578.6339221434,100690.15725694499,1801230886.2041457,7703263.430426348,621425.0,,,,,,,,206510.0,2969756.0,864902.0,1898344.0,74730.0,49057.0,2020-04-26
1212,0.10631397130664871,95944231.50943783,170558772.70694268,163862489.64285716,45662017.50000001,2413539.2630704804,100658.76215021966,1793004678.167416,7656806.1548137795,634750.0,0.30506630565857323,-0.8368526178169494,-0.3068458013634129,-1.4231457916701535,-0.4423958274357088,-0.08005434306866012,-0.8430909609552717,211133.0,3040045.0,893130.0,1935782.0,70289.0,28228.0,2020-04-27
1213,0.09527301698639894,96558043.30315654,173323625.41399252,163706407.64285716,45489850.92857143,2400272.4439243916,100609.72313918795,1784312648.0789573,7603280.218697499,640000.0,0.34771641141335935,-0.6654151111401174,-0.21277263704201382,-1.3365511839817332,-0.4157509510306062,0.02421119169019597,-0.736835810691384,217119.0,3114674.0,927833.0,1969722.0,75151.0,34706.0,2020-04-28
1214,0.08335237441746218,97165107.00468068,176127835.01815805,163630821.7142857,45347667.71428572,2386843.9468119205,100543.76595582439,1775177149.3884494,7542464.677344867,628625.0,0.2731808334619972,-0.6354000679470726,-0.2063762287188257,-1.2372506473105527,-0.3919432675433286,0.027298185412040432,-0.6853193109364626,227603.0,3192161.0,971883.0,1992675.0,79999.0,44060.0,2020-04-29
1215,0.07330123803173844,97737230.28831854,178986785.3381321,163580144.9285714,45226857.64285715,2373319.542061108,100461.61633210357,1765620535.5455709,7474138.586023247,601100.0,0.23513349786282695,-0.649898301633298,-0.2819965531328129,-1.2799930832380828,-0.3918236862588888,0.054977366025317026,-0.7219818006679314,233343.0,3254831.0,1013756.0,2007732.0,86134.0,62755.0,2020-04-30
1216,0.06962999906660654,98252859.26549947,181899894.7546677,163521892.64285713,45141599.21428571,2359765.0,100364.0,1755665160.0,7398081.0,582400.0,0.16595445440476717,-0.8009269545467108,-0.3613749833145685,-1.392944177469185,-0.41281669940546584,-0.08951295068809545,-0.817356396408039,238605.0,3341746.0,1052304.0,2050837.0,86915.0,38549.0,2020-05-01
1217,0.07285734988306387,98697989.46529117,184839039.63193586,163454208.7857143,45093981.78571429,2346246.0909566362,100251.6426914882,1745333376.2014163,7314070.974542489,535275.0,,,,,,,,243763.0,3425295.0,1092018.0,2089514.0,83716.0,40179.0,2020-05-02
1218,0.07674436616094771,99066672.5927722,187739325.76228124,163397721.92857143,45071759.07142857,2332828.585259062,100125.2701385427,1734647537.5994985,7221887.564918075,461800.0,,,,,,,,247425.0,3504649.0,1124090.0,2133134.0,79354.0,32072.0,2020-05-03
1219,0.07797812385511876,99360609.31659935,190500720.2950324,163349474.49999997,45071594.928571425,2319578.253235318,99985.60807313808,1723629997.6439257,7121309.826394122,361725.0,0.08223379990663797,-0.8524943601354354,-0.42210434597057,-1.468739578714283,-0.4246992939670004,-0.16841976780323994,-0.8801554534485319,251488.0,3580956.0,1161525.0,2167943.0,76308.0,37435.0,2020-05-04
1220,0.07663355829402932,99587781.86884773,193001067.45274466,163250324.28571427,45074607.357142866,2306560.865213449,99833.38222724882,1712303109.7843764,7012116.81423799,219225.0,0.13832020905907325,-0.8057481311697159,-0.3724079444076607,-1.2765341917906623,-0.40916891097777935,-0.06476156574109776,-0.8343587080679158,257190.0,3660582.0,1197521.0,2205871.0,79626.0,35996.0,2020-05-05
1221,0.07200691925590536,99760848.39038385,195112106.40006068,163069889.57142857,45050646.85714286,2293842.191521497,99669.31833284946,1700689227.4705293,6894087.583717043,110500.0,0.2106534958141826,-0.8055432917644716,-0.3813125127266964,-1.3349275329756294,-0.4102922717773431,-0.02330275459595388,-0.8306814451128456,263782.0,3753229.0,1244054.0,2245393.0,92647.0,46533.0,2020-05-06
1222,0.06820052290888663,99895548.40952688,196715673.12045774,162790794.0,44967773.78571429,2281488.0024875044,99494.14212191454,1688810704.1520636,6767001.19009864,37625.0,0.19245859301636173,-0.8218742618017392,-0.48448916812843895,-1.3290718302287639,-0.4069737362270342,-0.06494101730705987,-0.8596161189436197,269517.0,3843585.0,1283296.0,2290772.0,91939.0,39243.0,2020-05-07
1223,0.06724197404182816,100009221.75830479,197719902.292993,162380998.1428571,44774532.85714285,2269564.068439515,99308.57932641862,1676689893.2786577,6630636.688650145,,0.21974293933993744,-0.7689347531870881,-0.427373529537095,-1.3070773744838562,-0.39684398394856074,-0.027980330519995957,-0.7970835995800682,274848.0,3935930.0,1320548.0,2340534.0,93825.0,37252.0,2020-05-08
1224,0.06463432931265109,100119440.92630444,198075294.37129104,161881833.07142857,44497223.0,2258136.159705571,99113.35567833623,1664349148.2999916,6484773.134638922,,,,,,,,,279260.0,4021873.0,1374061.0,2368552.0,85943.0,53513.0,2020-05-09
1225,0.06005703123706048,100242777.97145618,197787398.34630343,161303424.92857143,44185864.35714286,2247270.0466137156,98909.19690964186,1651810822.6657426,6329189.58333233,,,,,,,,,282658.0,4099553.0,1407341.0,2409554.0,77689.0,33280.0,2020-05-10
1226,0.052245756151743934,100394034.74850747,196915445.66222858,160645361.64285713,43841441.57142856,2237031.4994919915,98696.82875231009,1639097269.8255906,6163665.089997732,,0.19662140340861667,-0.781293567117841,-0.4465512557287967,-1.3165665764076009,-0.4300609145129482,-0.012039137343519555,-0.768628824675909,286279.0,4175344.0,1454528.0,2434537.0,75848.0,47187.0,2020-05-11
1227,0.04547442952669725,100585552.33764796,195558181.59302402,159962197.85714284,43479789.42857143,2227486.288668441,98476.97693831545,1626230843.2292144,5987978.70990249,,0.29543306983277273,-0.7762184657565384,-0.3897195584082883,-1.3335847774553031,-0.45404877861722154,-0.01235757542385881,-0.7424412459325159,291912.0,4259760.0,1491708.0,2476140.0,84436.0,39626.0,2020-05-12
1228,0.0465896290945122,100826152.19562547,193837870.18698403,159289455.92857143,43128651.5,2218700.184471108,98250.36719963246,1613233896.3262923,5801909.498313965,,0.1475118623398903,-0.8884741844682124,-0.4101651292467059,-1.4150472410579822,-0.4638262887365087,-0.04823018870382962,-0.8151073206199436,297145.0,4344822.0,1546836.0,2500841.0,85227.0,55128.0,2020-05-13
1229,0.05553607438053755,101120004.38593864,191884475.99041706,158658272.7142857,42820629.99999999,2210738.9572280347,98017.72526823566,1600128782.5665038,5605236.510499524,,-0.0023646345037470484,-0.9803861807319282,-0.5188180578041692,-1.552470219259738,-0.4888444058371234,-0.15895688941795172,-0.9790810392702064,302366.0,4439942.0,1586158.0,2551418.0,95121.0,39322.0,2020-05-14
1230,0.07237506501145899,101465611.35133384,189819845.77132148,158108972.64285713,42577812.071428575,2203668.3772672643,97779.77687609955,1586937855.3995273,5397738.801726522,,0.03620357810967492,-0.933500421149142,-0.46294798749607474,-1.480637788355931,-0.47309483206610675,-0.12063417961521673,-0.9116681572557543,307614.0,4540125.0,1635322.0,2597189.0,100183.0,49164.0,2020-05-15
1231,0.08937889843131566,101854907.22860664,187742337.7098854,157637293.21428573,42373079.71428572,2197554.2149168393,97537.24775519874,1573683468.275042,5179195.427262326,,,,,,,,,311729.0,4631845.0,1691431.0,2628685.0,91720.0,56117.0,2020-05-16
1232,0.09826593966118602,102272368.9281051,185715522.72857568,157230656.64285716,42186194.71428571,2192462.2405048027,97290.86363750769,1560387974.6427264,4949385.442374295,,,,,,,,,315133.0,4711379.0,1732189.0,2664057.0,79534.0,40766.0,2020-05-17
1233,0.1000089398407903,102694300.557271,183768151.57514313,156856708.5,42017116.14285714,2188458.224359197,97041.35025500096,1547073727.9522593,4708087.902329793,,0.21363991413034938,-0.8291044787925897,-0.404879963910866,-1.3604155822053619,-0.44917453569320687,-0.024568404781893656,-0.7643172540611848,318429.0,4799688.0,1785095.0,2696164.0,88309.0,52906.0,2020-05-18
1234,0.1006791858857152,103089211.43956316,181903015.3569916,156488464.35714284,41863953.71428572,2185607.9368080655,96789.4333396531,1533763081.6533198,4455081.862396182,,0.2325780447737063,-0.8052091651264616,-0.357841187612179,-1.3277363119959122,-0.4367330448742729,-0.006968915949663263,-0.7534767111164657,323233.0,4895198.0,1837125.0,2734840.0,95719.0,52030.0,2020-05-19
1235,0.09864450355178518,103419333.10379931,180106912.8381873,156115004.57142857,41722534.21428572,2183977.148179452,96535.83862343866,1520478389.1955874,4190146.3778408226,,0.234235844207897,-0.7624604899514076,-0.35222015966628295,-1.3454281649204414,-0.433666208576426,0.015323934998710233,-0.7417816825285962,328063.0,4994165.0,1895592.0,2770510.0,99486.0,58864.0,2020-05-20
1236,0.09949692374844145,103642558.3951039,178360472.12790355,155735507.7857143,41590990.85714286,2183631.628801397,96281.29183833211,1507242004.0287397,3913060.503931078,,0.1855488419827255,-0.7759530464865126,-0.3814992777471611,-1.31687567693109,-0.4403938366902259,0.0007774044591598953,-0.7379165187283903,332872.0,5100078.0,1946862.0,2820344.0,106017.0,51270.0,2020-05-21
1237,0.10460276605828708,103715340.87970221,176647972.36886463,155384848.85714284,41504439.42857144,2184637.1490019453,96026.51871630803,1494076279.6024566,3623603.2959343116,,0.12072923367942759,-0.8108097833931244,-0.46921753689844314,-1.3717801999852157,-0.45262867341094676,0.01042934318291058,-0.7997383786330154,338108.0,5208470.0,2054758.0,2815604.0,108392.0,107896.0,2020-05-22
1238,0.09852673710358624,103596554.54356195,174966124.36919323,155086330.00000003,41492156.28571429,2187059.479109139,95772.24498934095,1481003569.366416,3321553.809117882,,,,,,,,,342044.0,5307992.0,2110284.0,2855664.0,99522.0,55526.0,2020-05-23
1239,0.08922846224670218,103251533.9955736,173327277.93550515,154847822.85714284,41534324.71428572,2190964.3894510213,95519.19638940538,1468046226.7702975,3006691.0987491533,,,,,,,,,345006.0,5405236.0,2166648.0,2893582.0,97244.0,56365.0,2020-05-24
1240,0.08014264092955062,102655947.01458006,171755679.30686128,154663085.2142857,41616569.428571425,2196417.6503556343,95268.09864847588,1455226605.2637796,2678794.2200954887,,,,,,,,,346178.0,5492676.0,2229816.0,2916682.0,87812.0,63205.0,2020-05-25
1241,0.07032183965631278,101799059.9002626,170281324.76673207,154515125.5,41726744.57142858,2203485.032151022,95019.67749852699,1442567058.2965417,2337642.2284242474,,0.2334182028562171,-0.7451742327212554,-0.3317553450781059,-1.3214542211703126,-0.4356712168166335,0.11706982180007569,-0.6867701156076659,350399.0,5587232.0,2285025.0,2951808.0,94776.0,55209.0,2020-05-26
1242,0.07081588891166624,100686441.84480403,168933923.55265158,154408116.57142857,41841920.428571425,2212232.3051652256,94774.6586715332,1430089939.3182619,1983014.179002794,,0.11597800890982263,-0.5813144318510968,-0.319238275963963,-1.2559510232893458,-0.42365603758239256,0.16195296059922126,-0.623942704762437,355575.0,5689382.0,2348152.0,2985655.0,102150.0,63127.0,2020-05-27
1243,0.07797138625021116,99342099.29388276,167736956.2285621,154324268.35714287,41942492.928571425,2222725.2397262896,94533.76789946911,1417817601.7786195,1614689.1270984893,,0.2532673189260197,-0.5313696789522105,-0.21247147263722718,-1.26938805339941,-0.41706099414129894,0.17385066487984163,-0.5472786754984715,360254.0,5806525.0,2414014.0,3032257.0,117196.0,65954.0,2020-05-28
1244,0.08511544909251877,97808309.67930862,166701733.0571605,154207599.5,41992778.92857143,2235029.6061622566,94297.73091430921,1405772399.1272936,1232446.1279786953,,0.32310509277508265,-0.6302208066749864,-0.1868467499165531,-1.3627579592049104,-0.42364605168885033,0.10006395475085483,-0.6300716777605241,364813.0,5921853.0,2491585.0,3065455.0,115328.0,77571.0,2020-05-29
1245,0.09035598001968587,96143154.52330199,165822807.53595707,153994289.07142857,41961728.85714286,2249211.174801168,94067.273448028,1393976684.8139617,836064.2369107744,,,,,,,,,369072.0,6056561.0,2562715.0,3124774.0,134708.0,71130.0,2020-05-30
1246,0.08709327164532102,94417496.38771622,165079812.1937086,153654883.2857143,41847620.071428575,2265335.7159710685,93843.12123260011,1382452812.2883046,425322.50916208874,,,,,,,,,371981.0,6164489.0,2639339.0,3153169.0,107928.0,76624.0,2020-05-31
1247,0.07593736507304914,92711319.3291005,164444104.3063638,153257263.85714287,41666372.21428571,2283469.0,93626.0,1371223135.0,0.0,,0.26463682408793276,-0.6164917573955359,-0.14800363261774868,-1.3330346850917438,-0.418216396706845,0.11343741235682218,-0.578587184758711,375489.0,6263390.0,2694019.0,3193882.0,98901.0,54680.0,2020-06-01
1248,0.06165881994073869,91108807.47065796,163884008.44538537,152787156.7142857,41419470.35714286,,,,,,0.2799876492958898,-0.5186981532960746,-0.04567771117236702,-1.2131084087778552,-0.39499314954881587,0.18469800208312478,-0.5461023648678179,380196.0,6375770.0,2727532.0,3268042.0,113278.0,62105.0,2020-06-02
1249,0.04730118723159296,89692545.80863775,163368714.92752406,152191778.57142857,41122684.85714286,,,,,,0.33970979050022343,-0.45385432939906756,0.01681919614150995,-1.1321072637262768,-0.361268402870727,0.22359896223186249,-0.4832192603058533,385893.0,6506082.0,2802943.0,3317246.0,130313.0,75423.0,2020-06-03
1250,0.040004975522860926,88537784.44148768,162871980.15652218,151511081.2857143,40796384.85714286,,,,,,0.31210426205783914,-0.43419312093410856,0.034801757414786916,-1.117305947054305,-0.3527428873196171,0.2283853355386642,-0.43654355609885914,391082.0,6630422.0,2867916.0,3371424.0,127101.0,65273.0,2020-06-04
1251,0.04347373401255737,87707801.64899024,162375826.96481782,150795797.7142857,40457271.78571429,,,,,,0.3749231404832352,-0.24221004877142566,0.03182063122996964,-0.9732916554024094,-0.3409218255000068,0.2975112225886207,-0.30204978178332226,396067.0,6767607.0,3011082.0,3360458.0,137185.0,143166.0,2020-06-05
1252,0.05115496162736102,87250365.82138202,161873327.552511,150093869.64285713,40129851.64285714,,,,,,,,,,,,,399945.0,6894350.0,3083755.0,3410650.0,126743.0,72673.0,2020-06-06
1253,0.058080096904557975,87194647.22130595,161367090.62977883,149420822.35714287,39828985.07142857,,,,,,,,,,,,,402690.0,7008005.0,3138839.0,3466476.0,113655.0,55084.0,2020-06-07
1254,0.06026566576505217,87549400.24671234,160864884.39206168,148713865.71428573,39530518.78571428,,,,,,0.364210757988856,-0.25957439935795157,0.042419321543587796,-0.8521757916417897,-0.32592084779224323,0.35001080545897395,-0.3129140503875891,406488.0,7116301.0,3291282.0,3418531.0,108296.0,152602.0,2020-06-08
1255,0.05303334698581007,88302896.94179212,160377131.98214164,148033780.64285716,39250953.71428571,,,,,,0.45552586606579404,-0.3494251030258942,0.08143719752946005,-0.9439895752407774,-0.3490210294664238,0.30259154275864264,-0.3244742055834791,411381.0,7239602.0,3373547.0,3454674.0,123301.0,82265.0,2020-06-09
1256,0.044660979498482106,89423691.50459823,159916031.97332287,147467335.7142857,39027062.5,,,,,,0.38375411362633105,-0.30209779851507823,0.10265514062301018,-0.9612942136163992,-0.35345944161688775,0.35957748592553196,-0.3543433548848069,416146.0,7357487.0,3452668.0,3488673.0,117885.0,79121.0,2020-06-10
1257,0.0421650935157705,90861817.67591056,159494945.61340514,146952521.64285713,38854292.14285715,,,,,,0.2698067197951515,-0.5127115708277027,-0.004914267998218036,-1.1986731396748604,-0.38448213083989835,0.24489157925003965,-0.5520653578773715,421403.0,7511687.0,3538549.0,3551735.0,154200.0,85881.0,2020-06-11
1258,0.04815026271772667,92551549.6004632,159127784.06865668,146414843.7142857,38710778.0,,,,,,0.13885507788089801,-0.5232886208794203,-0.0523870855491306,-1.180057168867267,-0.38237449560761066,0.29337817348649853,-0.5560905630586643,425339.0,7630005.0,3611126.0,3593540.0,118318.0,72577.0,2020-06-12
1259,0.059980026374670446,94415726.16053407,158828579.67567304,144393009.00000003,38158699.78571429,,,,,,,,,,,,,429680.0,7764044.0,3696143.0,3638221.0,134039.0,85017.0,2020-06-13
1260,0.06897461223054492,96370278.11900905,158611786.30727667,139466178.92857143,36786077.78571428,,,,,,,,,,,,,433010.0,7898013.0,3767551.0,3697452.0,133969.0,71408.0,2020-06-14
1261,0.0713151768483644,98328299.11508887,158492381.97257456,131665907.14285715,34658779.57142857,,,,,,-0.016941568076995907,-0.6150240524857649,-0.2065020750915485,-1.3251486180309908,-0.4176554163640895,0.1820154996182526,-0.6864344027018634,436842.0,8031530.0,3855145.0,3739543.0,133517.0,87594.0,2020-06-15
1262,0.066394700901614,100204033.62317804,158484384.90623435,120987176.2857143,31816776.428571425,,,,,,0.23602809839588548,-0.38823661701691736,-0.03440933210132485,-1.1363923203191437,-0.37483070369918436,0.35260966389006443,-0.4845384211949443,443628.0,8170957.0,3952971.0,3774358.0,139427.0,97826.0,2020-06-16
1263,0.06179497971926936,101917221.41494942,158598362.8406291,107414554.42857143,28229519.642857146,,,,,,0.23263542279600552,-0.43665012696476685,-0.03975894276430264,-1.181868566022778,-0.3761511994081034,0.2951846593210026,-0.5483290557937952,448902.0,8346926.0,4071751.0,3826273.0,175969.0,118780.0,2020-06-17
1264,0.06722382443104268,103397294.92550232,158838779.09963274,90996092.35714285,23884105.5,,,,,,0.1710346431336733,-0.5059097838238787,-0.10517312084556202,-1.2752605594179474,-0.3966719224063701,0.2768517469500131,-0.6260385716892034,453928.0,8485884.0,4152893.0,3879063.0,138958.0,81142.0,2020-06-18
1265,0.07903207526350702,104586374.75181456,159201338.69241533,71771497.21428572,18780020.57142857,,,,,,0.26929541092585635,-0.41987718990929374,-0.03626778289737104,-1.1759456333523237,-0.38625146071063493,0.3034515827362965,-0.5349559643986795,459961.0,8661818.0,4243544.0,3958313.0,176082.0,90651.0,2020-06-19
1266,0.09232386093749229,105441063.28348877,159670511.1863374,52644273.78571429,13726506.714285715,,,,,,,,,,,,,464408.0,8788526.0,4376018.0,3948100.0,126708.0,132474.0,2020-06-20
1267,0.09784227734403816,105933841.6127212,160218333.69147786,36500048.28571428,9522519.57142857,,,,,,,,,,,,,468308.0,8952206.0,4444843.0,4039055.0,163680.0,69876.0,2020-06-21
1268,0.08841791213175848,106053684.70808953,160806078.8213564,23330918.0,6117372.0,,,,,,0.16417211282340918,-0.4602037821783379,-0.15575156570987336,-1.2726181533133332,-0.3987960452263333,0.25730060589407455,-0.6397018224740878,472110.0,9094459.0,4523993.0,4098356.0,142253.0,79150.0,2020-06-22
1269,0.07233458464170953,105805894.85215878,161388080.51345646,13115776.42857143,3459586.2142857146,,,,,,0.1976553459474586,-0.37925789912079727,-0.10136866766357544,-1.196850306037147,-0.38778209471717584,0.2854631452777754,-0.5935660360320012,477523.0,9259115.0,4628047.0,4153545.0,164656.0,104365.0,2020-06-23
1270,0.05350836442751168,105211778.73185167,161915956.06588796,5831037.357142856,1547384.0714285714,,,,,,0.10981845919574378,-0.4817591630112652,-0.1983812611810311,-1.2660650949892334,-0.3955195373355487,0.2534960932480237,-0.6605835467552101,482692.0,9426005.0,4743770.0,4199543.0,166894.0,115723.0,2020-06-24
1271,0.04646958336228184,104308137.97354913,162342828.17404982,1458473.9285714284,389005.5,,,,,,-0.020482428342507873,-0.5252641452401229,-0.22663393572736934,-1.3694280620421788,-0.4131420013787505,0.17410689688965883,-0.6661745911566006,489251.0,9605264.0,4836566.0,4279447.0,179259.0,93160.0,2020-06-25
1272,0.05805778635798504,103145826.90184323,162627546.96729225,,,,,,,,0.0002669989381360229,-0.488073129760643,-0.25674328112605155,-1.3169820725482582,-0.4033154952011214,0.2180932833020404,-0.6703530902238584,494120.0,9796832.0,4943198.0,4359514.0,191568.0,106632.0,2020-06-26
1273,0.06902141131863038,101787377.52194229,162738766.43701416,,,,,,,,,,,,,,,498648.0,9974534.0,5049504.0,4426382.0,177702.0,106306.0,2020-06-27
1274,0.08161647933493996,100304558.1335775,162657759.30034027,,,,,,,,,,,,,,,501831.0,10140612.0,5138536.0,4500245.0,166078.0,89032.0,2020-06-28
1275,0.07998049797027534,98318495.11002041,162205904.9792373,,,,,,,,-0.020933790035153083,-0.5029770778927036,-0.27987706078181407,-1.3577480887366755,-0.41380747553232317,0.17784610038944104,-0.7318596156233159,505430.0,10296269.0,5233069.0,4557770.0,155657.0,94533.0,2020-06-29
1276,0.05468757479980693,95442133.25613755,161219649.96754012,,,,,,,,-0.001119038344207313,-0.49777560817775035,-0.23242318491473357,-1.394767968589955,-0.41930168075097735,0.20061359684826263,-0.6633329059973381,511173.0,10469512.0,5350371.0,4607968.0,173243.0,117302.0,2020-06-30
