,GB_Confirmed,GB_Deaths,GB_Recovered,GB_Active,Date
0,2,0,0,2,2020-01-31 00:00:00+00:00
1,2,0,0,2,2020-02-01 00:00:00+00:00
2,2,0,0,2,2020-02-02 00:00:00+00:00
3,2,0,0,2,2020-02-03 00:00:00+00:00
4,2,0,0,2,2020-02-04 00:00:00+00:00
5,2,0,0,2,2020-02-05 00:00:00+00:00
6,2,0,0,2,2020-02-06 00:00:00+00:00
7,3,0,0,3,2020-02-07 00:00:00+00:00
8,3,0,0,3,2020-02-08 00:00:00+00:00
9,3,0,0,3,2020-02-09 00:00:00+00:00
10,8,0,0,8,2020-02-10 00:00:00+00:00
11,8,0,0,8,2020-02-11 00:00:00+00:00
12,9,0,1,8,2020-02-12 00:00:00+00:00
13,9,0,1,8,2020-02-13 00:00:00+00:00
14,9,0,1,8,2020-02-14 00:00:00+00:00
15,9,0,1,8,2020-02-15 00:00:00+00:00
16,9,0,8,1,2020-02-16 00:00:00+00:00
17,9,0,8,1,2020-02-17 00:00:00+00:00
18,9,0,8,1,2020-02-18 00:00:00+00:00
19,9,0,8,1,2020-02-19 00:00:00+00:00
20,9,0,8,1,2020-02-20 00:00:00+00:00
21,9,0,8,1,2020-02-21 00:00:00+00:00
22,9,0,8,1,2020-02-22 00:00:00+00:00
23,9,0,8,1,2020-02-23 00:00:00+00:00
24,13,0,8,5,2020-02-24 00:00:00+00:00
25,13,0,8,5,2020-02-25 00:00:00+00:00
26,13,0,8,5,2020-02-26 00:00:00+00:00
27,15,0,8,7,2020-02-27 00:00:00+00:00
28,20,0,8,12,2020-02-28 00:00:00+00:00
29,23,0,8,15,2020-02-29 00:00:00+00:00
30,36,0,8,28,2020-03-01 00:00:00+00:00
31,40,0,8,32,2020-03-02 00:00:00+00:00
32,51,0,8,43,2020-03-03 00:00:00+00:00
33,85,0,8,77,2020-03-04 00:00:00+00:00
34,1,0,0,1,2020-03-04 00:00:00+00:00
35,115,0,8,107,2020-03-05 00:00:00+00:00
36,1,0,0,1,2020-03-05 00:00:00+00:00
37,163,1,8,154,2020-03-06 00:00:00+00:00
38,1,0,0,1,2020-03-06 00:00:00+00:00
39,206,2,18,186,2020-03-07 00:00:00+00:00
40,1,0,0,1,2020-03-07 00:00:00+00:00
41,273,2,18,253,2020-03-08 00:00:00+00:00
42,1,0,0,1,2020-03-08 00:00:00+00:00
43,321,3,18,300,2020-03-09 00:00:00+00:00
44,1,0,0,1,2020-03-09 00:00:00+00:00
45,382,7,18,357,2020-03-10 00:00:00+00:00
46,1,0,0,1,2020-03-10 00:00:00+00:00
47,1,0,1,0,2020-03-10 00:00:00+00:00
48,456,7,18,431,2020-03-11 00:00:00+00:00
49,2,0,0,2,2020-03-11 00:00:00+00:00
50,1,0,1,0,2020-03-11 00:00:00+00:00
51,456,9,18,429,2020-03-12 00:00:00+00:00
52,2,0,0,2,2020-03-12 00:00:00+00:00
53,1,0,1,0,2020-03-12 00:00:00+00:00
54,798,10,18,770,2020-03-13 00:00:00+00:00
55,1,0,0,1,2020-03-13 00:00:00+00:00
56,2,0,0,2,2020-03-13 00:00:00+00:00
57,1,0,1,0,2020-03-13 00:00:00+00:00
58,1140,28,18,1094,2020-03-14 00:00:00+00:00
59,1,0,0,1,2020-03-14 00:00:00+00:00
60,2,0,0,2,2020-03-14 00:00:00+00:00
61,1,0,1,0,2020-03-14 00:00:00+00:00
62,1140,43,18,1079,2020-03-15 00:00:00+00:00
63,1,0,0,1,2020-03-15 00:00:00+00:00
64,3,0,0,3,2020-03-15 00:00:00+00:00
65,1,0,1,0,2020-03-15 00:00:00+00:00
66,1543,65,20,1458,2020-03-16 00:00:00+00:00
67,1,1,0,0,2020-03-16 00:00:00+00:00
68,6,0,0,6,2020-03-16 00:00:00+00:00
69,1,0,1,0,2020-03-16 00:00:00+00:00
70,1950,81,52,1817,2020-03-17 00:00:00+00:00
71,1,1,0,0,2020-03-17 00:00:00+00:00
72,6,0,0,6,2020-03-17 00:00:00+00:00
73,3,0,1,2,2020-03-17 00:00:00+00:00
74,2626,115,65,2446,2020-03-18 00:00:00+00:00
75,1,1,0,0,2020-03-18 00:00:00+00:00
76,6,0,0,6,2020-03-18 00:00:00+00:00
77,8,0,2,6,2020-03-18 00:00:00+00:00
78,1,0,0,1,2020-03-18 00:00:00+00:00
79,2689,158,65,2466,2020-03-19 00:00:00+00:00
80,2,0,0,2,2020-03-19 00:00:00+00:00
81,3,1,0,2,2020-03-19 00:00:00+00:00
82,11,0,0,11,2020-03-19 00:00:00+00:00
83,10,0,2,8,2020-03-19 00:00:00+00:00
84,1,0,0,1,2020-03-19 00:00:00+00:00
85,3983,194,65,3724,2020-03-20 00:00:00+00:00
86,2,0,0,2,2020-03-20 00:00:00+00:00
87,3,1,0,2,2020-03-20 00:00:00+00:00
88,14,0,0,14,2020-03-20 00:00:00+00:00
89,10,0,2,8,2020-03-20 00:00:00+00:00
90,1,0,0,1,2020-03-20 00:00:00+00:00
91,1,0,0,1,2020-03-20 00:00:00+00:00
92,5018,250,65,4703,2020-03-21 00:00:00+00:00
93,2,0,0,2,2020-03-21 00:00:00+00:00
94,3,1,0,2,2020-03-21 00:00:00+00:00
95,32,0,0,32,2020-03-21 00:00:00+00:00
96,10,0,2,8,2020-03-21 00:00:00+00:00
97,1,0,0,1,2020-03-21 00:00:00+00:00
98,1,0,0,1,2020-03-21 00:00:00+00:00
99,5683,285,65,5333,2020-03-22 00:00:00+00:00
100,6,0,0,6,2020-03-22 00:00:00+00:00
101,3,1,0,2,2020-03-22 00:00:00+00:00
102,32,0,0,32,2020-03-22 00:00:00+00:00
103,15,0,2,13,2020-03-22 00:00:00+00:00
104,5,0,0,5,2020-03-22 00:00:00+00:00
105,1,0,0,1,2020-03-22 00:00:00+00:00
106,6650,359,65,6226,2020-03-23 00:00:00+00:00
107,6,0,0,6,2020-03-23 00:00:00+00:00
108,5,1,0,4,2020-03-23 00:00:00+00:00
109,36,0,0,36,2020-03-23 00:00:00+00:00
110,15,0,2,13,2020-03-23 00:00:00+00:00
111,13,0,0,13,2020-03-23 00:00:00+00:00
112,1,0,0,1,2020-03-23 00:00:00+00:00
113,8077,508,135,7434,2020-03-24 00:00:00+00:00
114,6,0,0,6,2020-03-24 00:00:00+00:00
115,6,1,0,5,2020-03-24 00:00:00+00:00
116,36,0,0,36,2020-03-24 00:00:00+00:00
117,15,0,5,10,2020-03-24 00:00:00+00:00
118,23,0,0,23,2020-03-24 00:00:00+00:00
119,1,0,0,1,2020-03-24 00:00:00+00:00
120,9529,694,135,8700,2020-03-25 00:00:00+00:00
121,7,0,0,7,2020-03-25 00:00:00+00:00
122,8,1,0,7,2020-03-25 00:00:00+00:00
123,46,0,0,46,2020-03-25 00:00:00+00:00
124,26,0,5,21,2020-03-25 00:00:00+00:00
125,23,0,0,23,2020-03-25 00:00:00+00:00
126,1,0,0,1,2020-03-25 00:00:00+00:00
127,11658,877,135,10646,2020-03-26 00:00:00+00:00
128,15,0,2,13,2020-03-26 00:00:00+00:00
129,8,1,0,7,2020-03-26 00:00:00+00:00
130,66,1,0,65,2020-03-26 00:00:00+00:00
131,35,0,13,22,2020-03-26 00:00:00+00:00
132,25,0,0,25,2020-03-26 00:00:00+00:00
133,5,0,0,5,2020-03-26 00:00:00+00:00
134,14543,1161,135,13247,2020-03-27 00:00:00+00:00
135,17,0,2,15,2020-03-27 00:00:00+00:00
136,8,1,0,7,2020-03-27 00:00:00+00:00
137,88,1,0,87,2020-03-27 00:00:00+00:00
138,55,0,14,41,2020-03-27 00:00:00+00:00
139,29,0,0,29,2020-03-27 00:00:00+00:00
140,5,0,0,5,2020-03-27 00:00:00+00:00
141,17089,1455,135,15499,2020-03-28 00:00:00+00:00
142,2,0,0,2,2020-03-28 00:00:00+00:00
143,17,0,2,15,2020-03-28 00:00:00+00:00
144,2,0,0,2,2020-03-28 00:00:00+00:00
145,8,1,0,7,2020-03-28 00:00:00+00:00
146,97,1,0,96,2020-03-28 00:00:00+00:00
147,56,0,14,42,2020-03-28 00:00:00+00:00
148,32,0,0,32,2020-03-28 00:00:00+00:00
149,5,0,0,5,2020-03-28 00:00:00+00:00
150,4,0,0,4,2020-03-28 00:00:00+00:00
151,19522,1669,135,17718,2020-03-29 00:00:00+00:00
152,2,0,0,2,2020-03-29 00:00:00+00:00
153,22,0,2,20,2020-03-29 00:00:00+00:00
154,2,0,0,2,2020-03-29 00:00:00+00:00
155,8,1,0,7,2020-03-29 00:00:00+00:00
156,108,2,0,106,2020-03-29 00:00:00+00:00
157,65,0,14,51,2020-03-29 00:00:00+00:00
158,42,0,0,42,2020-03-29 00:00:00+00:00
159,5,0,0,5,2020-03-29 00:00:00+00:00
160,4,0,0,4,2020-03-29 00:00:00+00:00
161,22141,2043,135,19963,2020-03-30 00:00:00+00:00
162,2,0,0,2,2020-03-30 00:00:00+00:00
163,27,0,2,25,2020-03-30 00:00:00+00:00
164,2,0,0,2,2020-03-30 00:00:00+00:00
165,12,1,0,11,2020-03-30 00:00:00+00:00
166,141,2,0,139,2020-03-30 00:00:00+00:00
167,69,0,34,35,2020-03-30 00:00:00+00:00
168,49,0,0,49,2020-03-30 00:00:00+00:00
169,5,0,0,5,2020-03-30 00:00:00+00:00
170,5,0,0,5,2020-03-30 00:00:00+00:00
171,25150,2425,135,22590,2020-03-31 00:00:00+00:00
172,2,0,0,2,2020-03-31 00:00:00+00:00
173,32,0,10,22,2020-03-31 00:00:00+00:00
174,3,0,0,3,2020-03-31 00:00:00+00:00
175,14,1,0,13,2020-03-31 00:00:00+00:00
176,141,3,0,138,2020-03-31 00:00:00+00:00
177,69,0,34,35,2020-03-31 00:00:00+00:00
178,60,0,0,60,2020-03-31 00:00:00+00:00
179,5,0,0,5,2020-03-31 00:00:00+00:00
180,5,0,0,5,2020-03-31 00:00:00+00:00
181,29474,3095,135,26244,2020-04-01 00:00:00+00:00
182,2,0,0,2,2020-04-01 00:00:00+00:00
183,32,0,10,22,2020-04-01 00:00:00+00:00
184,3,0,0,3,2020-04-01 00:00:00+00:00
185,22,1,0,21,2020-04-01 00:00:00+00:00
186,172,3,0,169,2020-04-01 00:00:00+00:00
187,81,0,34,47,2020-04-01 00:00:00+00:00
188,68,1,0,67,2020-04-01 00:00:00+00:00
189,5,0,0,5,2020-04-01 00:00:00+00:00
190,6,0,0,6,2020-04-01 00:00:00+00:00
191,33718,3747,135,29836,2020-04-02 00:00:00+00:00
192,3,0,0,3,2020-04-02 00:00:00+00:00
193,35,0,11,24,2020-04-02 00:00:00+00:00
194,3,0,0,3,2020-04-02 00:00:00+00:00
195,28,1,0,27,2020-04-02 00:00:00+00:00
196,193,3,0,190,2020-04-02 00:00:00+00:00
197,88,0,46,42,2020-04-02 00:00:00+00:00
198,95,1,0,94,2020-04-02 00:00:00+00:00
199,5,0,0,5,2020-04-02 00:00:00+00:00
200,5,0,0,5,2020-04-02 00:00:00+00:00
201,38168,4461,135,33572,2020-04-03 00:00:00+00:00
202,3,0,0,3,2020-04-03 00:00:00+00:00
203,35,0,14,21,2020-04-03 00:00:00+00:00
204,3,0,0,3,2020-04-03 00:00:00+00:00
205,28,1,0,27,2020-04-03 00:00:00+00:00
206,232,4,13,215,2020-04-03 00:00:00+00:00
207,95,0,46,49,2020-04-03 00:00:00+00:00
208,114,1,0,113,2020-04-03 00:00:00+00:00
209,6,0,0,6,2020-04-03 00:00:00+00:00
210,5,0,0,5,2020-04-03 00:00:00+00:00
211,41903,5221,135,36547,2020-04-04 00:00:00+00:00
212,3,0,0,3,2020-04-04 00:00:00+00:00
213,35,0,14,21,2020-04-04 00:00:00+00:00
214,3,0,0,3,2020-04-04 00:00:00+00:00
215,35,1,1,33,2020-04-04 00:00:00+00:00
216,262,5,13,244,2020-04-04 00:00:00+00:00
217,1,0,0,1,2020-04-04 00:00:00+00:00
218,98,0,52,46,2020-04-04 00:00:00+00:00
219,126,1,0,125,2020-04-04 00:00:00+00:00
220,6,0,0,6,2020-04-04 00:00:00+00:00
221,5,0,0,5,2020-04-04 00:00:00+00:00
222,47806,5865,135,41806,2020-04-05 00:00:00+00:00
223,3,0,0,3,2020-04-05 00:00:00+00:00
224,37,0,14,23,2020-04-05 00:00:00+00:00
225,3,0,0,3,2020-04-05 00:00:00+00:00
226,35,1,1,33,2020-04-05 00:00:00+00:00
227,309,6,27,276,2020-04-05 00:00:00+00:00
228,2,0,0,2,2020-04-05 00:00:00+00:00
229,103,0,52,51,2020-04-05 00:00:00+00:00
230,127,1,0,126,2020-04-05 00:00:00+00:00
231,6,0,0,6,2020-04-05 00:00:00+00:00
232,5,1,0,4,2020-04-05 00:00:00+00:00
233,51608,6433,135,45040,2020-04-06 00:00:00+00:00
234,3,0,0,3,2020-04-06 00:00:00+00:00
235,39,2,17,20,2020-04-06 00:00:00+00:00
236,3,0,0,3,2020-04-06 00:00:00+00:00
237,39,1,1,37,2020-04-06 00:00:00+00:00
238,323,7,27,289,2020-04-06 00:00:00+00:00
239,2,0,0,2,2020-04-06 00:00:00+00:00
240,109,0,52,57,2020-04-06 00:00:00+00:00
241,139,1,55,83,2020-04-06 00:00:00+00:00
242,6,0,0,6,2020-04-06 00:00:00+00:00
243,8,1,0,7,2020-04-06 00:00:00+00:00
244,55242,7471,135,47636,2020-04-07 00:00:00+00:00
245,3,0,0,3,2020-04-07 00:00:00+00:00
246,39,2,17,20,2020-04-07 00:00:00+00:00
247,3,0,0,3,2020-04-07 00:00:00+00:00
248,45,1,6,38,2020-04-07 00:00:00+00:00
249,335,7,34,294,2020-04-07 00:00:00+00:00
250,2,0,0,2,2020-04-07 00:00:00+00:00
251,113,0,60,53,2020-04-07 00:00:00+00:00
252,150,1,73,76,2020-04-07 00:00:00+00:00
253,9,0,0,9,2020-04-07 00:00:00+00:00
254,8,1,0,7,2020-04-07 00:00:00+00:00
255,60733,8505,135,52093,2020-04-08 00:00:00+00:00
256,3,0,0,3,2020-04-08 00:00:00+00:00
257,39,3,23,13,2020-04-08 00:00:00+00:00
258,3,0,0,3,2020-04-08 00:00:00+00:00
259,45,1,6,38,2020-04-08 00:00:00+00:00
260,351,8,38,305,2020-04-08 00:00:00+00:00
261,5,0,1,4,2020-04-08 00:00:00+00:00
262,120,0,60,60,2020-04-08 00:00:00+00:00
263,158,1,82,75,2020-04-08 00:00:00+00:00
264,9,0,0,9,2020-04-08 00:00:00+00:00
265,8,1,0,7,2020-04-08 00:00:00+00:00
266,65077,9608,135,55334,2020-04-09 00:00:00+00:00
267,3,0,0,3,2020-04-09 00:00:00+00:00
268,48,4,25,19,2020-04-09 00:00:00+00:00
269,3,0,0,3,2020-04-09 00:00:00+00:00
270,45,1,6,38,2020-04-09 00:00:00+00:00
271,361,8,40,313,2020-04-09 00:00:00+00:00
272,5,0,1,4,2020-04-09 00:00:00+00:00
273,123,0,60,63,2020-04-09 00:00:00+00:00
274,190,1,92,97,2020-04-09 00:00:00+00:00
275,9,0,0,9,2020-04-09 00:00:00+00:00
276,8,1,0,7,2020-04-09 00:00:00+00:00
277,73758,10760,344,62654,2020-04-10 00:00:00+00:00
278,3,0,0,3,2020-04-10 00:00:00+00:00
279,48,4,25,19,2020-04-10 00:00:00+00:00
280,3,0,0,3,2020-04-10 00:00:00+00:00
281,45,1,6,38,2020-04-10 00:00:00+00:00
282,398,9,40,349,2020-04-10 00:00:00+00:00
283,5,0,1,4,2020-04-10 00:00:00+00:00
284,127,0,69,58,2020-04-10 00:00:00+00:00
285,201,1,103,97,2020-04-10 00:00:00+00:00
286,9,0,0,9,2020-04-10 00:00:00+00:00
287,8,1,0,7,2020-04-10 00:00:00+00:00
288,78991,11599,344,67048,2020-04-11 00:00:00+00:00
289,3,0,0,3,2020-04-11 00:00:00+00:00
290,48,4,25,19,2020-04-11 00:00:00+00:00
291,3,0,2,1,2020-04-11 00:00:00+00:00
292,45,1,6,38,2020-04-11 00:00:00+00:00
293,407,9,48,350,2020-04-11 00:00:00+00:00
294,5,0,1,4,2020-04-11 00:00:00+00:00
295,129,0,84,45,2020-04-11 00:00:00+00:00
296,226,2,112,112,2020-04-11 00:00:00+00:00
297,9,0,0,9,2020-04-11 00:00:00+00:00
298,8,1,0,7,2020-04-11 00:00:00+00:00
299,84279,12285,344,71650,2020-04-12 00:00:00+00:00
300,3,0,0,3,2020-04-12 00:00:00+00:00
301,57,4,29,24,2020-04-12 00:00:00+00:00
302,3,0,2,1,2020-04-12 00:00:00+00:00
303,53,1,6,46,2020-04-12 00:00:00+00:00
304,431,9,48,374,2020-04-12 00:00:00+00:00
305,5,0,1,4,2020-04-12 00:00:00+00:00
306,129,0,84,45,2020-04-12 00:00:00+00:00
307,228,2,112,114,2020-04-12 00:00:00+00:00
308,9,0,0,9,2020-04-12 00:00:00+00:00
309,9,1,0,8,2020-04-12 00:00:00+00:00
310,88621,13029,0,75592,2020-04-13 00:00:00+00:00
311,3,0,1,2,2020-04-13 00:00:00+00:00
312,57,5,30,22,2020-04-13 00:00:00+00:00
313,3,0,2,1,2020-04-13 00:00:00+00:00
314,53,1,6,46,2020-04-13 00:00:00+00:00
315,436,9,48,379,2020-04-13 00:00:00+00:00
316,5,0,1,4,2020-04-13 00:00:00+00:00
317,129,0,84,45,2020-04-13 00:00:00+00:00
318,242,2,131,109,2020-04-13 00:00:00+00:00
319,11,0,1,10,2020-04-13 00:00:00+00:00
320,10,1,0,9,2020-04-13 00:00:00+00:00
321,93873,14073,0,79800,2020-04-14 00:00:00+00:00
322,3,0,1,2,2020-04-14 00:00:00+00:00
323,57,5,30,22,2020-04-14 00:00:00+00:00
324,3,0,2,1,2020-04-14 00:00:00+00:00
325,54,1,6,47,2020-04-14 00:00:00+00:00
326,440,13,48,379,2020-04-14 00:00:00+00:00
327,11,0,1,10,2020-04-14 00:00:00+00:00
328,129,0,93,36,2020-04-14 00:00:00+00:00
329,254,2,141,111,2020-04-14 00:00:00+00:00
330,11,0,1,10,2020-04-14 00:00:00+00:00
331,10,1,0,9,2020-04-14 00:00:00+00:00
332,98476,14915,0,83561,2020-04-15 00:00:00+00:00
333,3,0,1,2,2020-04-15 00:00:00+00:00
334,81,5,33,43,2020-04-15 00:00:00+00:00
335,3,0,2,1,2020-04-15 00:00:00+00:00
336,54,1,6,47,2020-04-15 00:00:00+00:00
337,447,15,69,363,2020-04-15 00:00:00+00:00
338,11,0,1,10,2020-04-15 00:00:00+00:00
339,131,0,104,27,2020-04-15 00:00:00+00:00
340,256,4,151,101,2020-04-15 00:00:00+00:00
341,11,0,1,10,2020-04-15 00:00:00+00:00
342,10,1,0,9,2020-04-15 00:00:00+00:00
343,103093,15944,0,87149,2020-04-16 00:00:00+00:00
344,3,0,1,2,2020-04-16 00:00:00+00:00
345,81,5,33,43,2020-04-16 00:00:00+00:00
346,3,0,2,1,2020-04-16 00:00:00+00:00
347,60,1,6,53,2020-04-16 00:00:00+00:00
348,457,19,73,365,2020-04-16 00:00:00+00:00
349,11,0,1,10,2020-04-16 00:00:00+00:00
350,131,0,104,27,2020-04-16 00:00:00+00:00
351,284,4,154,126,2020-04-16 00:00:00+00:00
352,11,0,1,10,2020-04-16 00:00:00+00:00
353,11,1,0,10,2020-04-16 00:00:00+00:00
354,108692,16879,0,91813,2020-04-17 00:00:00+00:00
355,3,0,1,2,2020-04-17 00:00:00+00:00
356,83,5,35,43,2020-04-17 00:00:00+00:00
357,4,0,2,2,2020-04-17 00:00:00+00:00
358,61,1,7,53,2020-04-17 00:00:00+00:00
359,470,20,73,377,2020-04-17 00:00:00+00:00
360,11,0,1,10,2020-04-17 00:00:00+00:00
361,132,0,105,27,2020-04-17 00:00:00+00:00
362,291,4,169,118,2020-04-17 00:00:00+00:00
363,11,0,1,10,2020-04-17 00:00:00+00:00
364,11,1,0,10,2020-04-17 00:00:00+00:00
365,114217,17994,0,96223,2020-04-18 00:00:00+00:00
366,3,0,1,2,2020-04-18 00:00:00+00:00
367,83,5,35,43,2020-04-18 00:00:00+00:00
368,4,0,2,2,2020-04-18 00:00:00+00:00
369,61,1,7,53,2020-04-18 00:00:00+00:00
370,484,21,73,390,2020-04-18 00:00:00+00:00
371,11,0,3,8,2020-04-18 00:00:00+00:00
372,132,0,111,21,2020-04-18 00:00:00+00:00
373,297,6,180,111,2020-04-18 00:00:00+00:00
374,11,0,2,9,2020-04-18 00:00:00+00:00
375,11,1,0,10,2020-04-18 00:00:00+00:00
376,120067,18492,0,101575,2020-04-19 00:00:00+00:00
377,3,0,1,2,2020-04-19 00:00:00+00:00
378,86,5,35,46,2020-04-19 00:00:00+00:00
379,4,1,2,1,2020-04-19 00:00:00+00:00
380,61,1,7,53,2020-04-19 00:00:00+00:00
381,488,21,73,394,2020-04-19 00:00:00+00:00
382,11,0,3,8,2020-04-19 00:00:00+00:00
383,132,0,120,12,2020-04-19 00:00:00+00:00
384,298,6,193,99,2020-04-19 00:00:00+00:00
385,11,0,2,9,2020-04-19 00:00:00+00:00
386,11,1,0,10,2020-04-19 00:00:00+00:00
387,124743,19051,0,105692,2020-04-20 00:00:00+00:00
388,3,0,1,2,2020-04-20 00:00:00+00:00
389,86,5,37,44,2020-04-20 00:00:00+00:00
390,5,1,3,1,2020-04-20 00:00:00+00:00
391,66,1,7,58,2020-04-20 00:00:00+00:00
392,488,24,73,391,2020-04-20 00:00:00+00:00
393,11,0,3,8,2020-04-20 00:00:00+00:00
394,132,0,120,12,2020-04-20 00:00:00+00:00
395,300,9,200,91,2020-04-20 00:00:00+00:00
396,11,0,2,9,2020-04-20 00:00:00+00:00
397,11,1,0,10,2020-04-20 00:00:00+00:00
398,129044,20223,0,108821,2020-04-21 00:00:00+00:00
399,3,0,1,2,2020-04-21 00:00:00+00:00
400,86,5,37,44,2020-04-21 00:00:00+00:00
401,5,1,3,1,2020-04-21 00:00:00+00:00
402,66,1,7,58,2020-04-21 00:00:00+00:00
403,496,24,256,216,2020-04-21 00:00:00+00:00
404,11,0,3,8,2020-04-21 00:00:00+00:00
405,132,0,120,12,2020-04-21 00:00:00+00:00
406,307,9,209,89,2020-04-21 00:00:00+00:00
407,11,0,2,9,2020-04-21 00:00:00+00:00
408,11,1,0,10,2020-04-21 00:00:00+00:00
409,133495,21060,0,112435,2020-04-22 00:00:00+00:00
410,3,0,1,2,2020-04-22 00:00:00+00:00
411,99,5,39,55,2020-04-22 00:00:00+00:00
412,5,1,3,1,2020-04-22 00:00:00+00:00
413,66,1,7,58,2020-04-22 00:00:00+00:00
414,498,28,285,185,2020-04-22 00:00:00+00:00
415,11,0,3,8,2020-04-22 00:00:00+00:00
416,132,0,127,5,2020-04-22 00:00:00+00:00
417,307,15,212,80,2020-04-22 00:00:00+00:00
418,11,0,2,9,2020-04-22 00:00:00+00:00
419,11,1,4,6,2020-04-22 00:00:00+00:00
420,138078,21787,0,116291,2020-04-23 00:00:00+00:00
421,3,0,1,2,2020-04-23 00:00:00+00:00
422,99,5,39,55,2020-04-23 00:00:00+00:00
423,5,1,3,1,2020-04-23 00:00:00+00:00
424,66,1,7,58,2020-04-23 00:00:00+00:00
425,521,29,295,197,2020-04-23 00:00:00+00:00
426,12,0,11,1,2020-04-23 00:00:00+00:00
427,133,0,129,4,2020-04-23 00:00:00+00:00
428,307,16,221,70,2020-04-23 00:00:00+00:00
429,11,0,2,9,2020-04-23 00:00:00+00:00
430,11,1,4,6,2020-04-23 00:00:00+00:00
431,143464,22792,0,120672,2020-04-24 00:00:00+00:00
432,3,0,1,2,2020-04-24 00:00:00+00:00
433,99,5,39,55,2020-04-24 00:00:00+00:00
434,5,1,3,1,2020-04-24 00:00:00+00:00
435,70,1,8,61,2020-04-24 00:00:00+00:00
436,523,34,295,194,2020-04-24 00:00:00+00:00
437,13,0,11,2,2020-04-24 00:00:00+00:00
438,133,0,131,2,2020-04-24 00:00:00+00:00
439,308,18,230,60,2020-04-24 00:00:00+00:00
440,11,1,2,8,2020-04-24 00:00:00+00:00
441,11,1,4,6,2020-04-24 00:00:00+00:00
442,148377,23635,0,124742,2020-04-25 00:00:00+00:00
443,3,0,1,2,2020-04-25 00:00:00+00:00
444,109,5,39,65,2020-04-25 00:00:00+00:00
445,6,1,3,2,2020-04-25 00:00:00+00:00
446,70,1,8,61,2020-04-25 00:00:00+00:00
447,525,35,332,158,2020-04-25 00:00:00+00:00
448,13,0,11,2,2020-04-25 00:00:00+00:00
449,136,0,131,5,2020-04-25 00:00:00+00:00
450,308,18,243,47,2020-04-25 00:00:00+00:00
451,11,1,2,8,2020-04-25 00:00:00+00:00
452,11,1,4,6,2020-04-25 00:00:00+00:00
453,152840,24055,0,128785,2020-04-26 00:00:00+00:00
454,3,0,1,2,2020-04-26 00:00:00+00:00
455,109,5,39,65,2020-04-26 00:00:00+00:00
456,6,1,3,2,2020-04-26 00:00:00+00:00
457,70,1,8,61,2020-04-26 00:00:00+00:00
458,525,35,332,158,2020-04-26 00:00:00+00:00
459,13,0,11,2,2020-04-26 00:00:00+00:00
460,141,0,131,10,2020-04-26 00:00:00+00:00
461,308,18,247,43,2020-04-26 00:00:00+00:00
462,11,1,2,8,2020-04-26 00:00:00+00:00
463,11,1,4,6,2020-04-26 00:00:00+00:00
464,157149,24393,0,132756,2020-04-27 00:00:00+00:00
465,3,0,3,0,2020-04-27 00:00:00+00:00
466,110,6,44,60,2020-04-27 00:00:00+00:00
467,6,1,3,2,2020-04-27 00:00:00+00:00
468,70,1,8,61,2020-04-27 00:00:00+00:00
469,525,35,352,138,2020-04-27 00:00:00+00:00
470,13,0,11,2,2020-04-27 00:00:00+00:00
471,141,0,131,10,2020-04-27 00:00:00+00:00
472,308,20,248,40,2020-04-27 00:00:00+00:00
473,11,1,2,8,2020-04-27 00:00:00+00:00
474,12,1,5,6,2020-04-27 00:00:00+00:00
475,161145,25302,0,135843,2020-04-28 00:00:00+00:00
476,3,0,3,0,2020-04-28 00:00:00+00:00
477,110,6,44,60,2020-04-28 00:00:00+00:00
478,6,1,3,2,2020-04-28 00:00:00+00:00
479,70,1,10,59,2020-04-28 00:00:00+00:00
480,530,36,352,142,2020-04-28 00:00:00+00:00
481,13,0,11,2,2020-04-28 00:00:00+00:00
482,141,0,131,10,2020-04-28 00:00:00+00:00
483,309,21,252,36,2020-04-28 00:00:00+00:00
484,11,1,2,8,2020-04-28 00:00:00+00:00
485,12,1,5,6,2020-04-28 00:00:00+00:00
486,165221,26097,0,139124,2020-04-29 00:00:00+00:00
487,3,0,3,0,2020-04-29 00:00:00+00:00
488,111,6,48,57,2020-04-29 00:00:00+00:00
489,6,1,3,2,2020-04-29 00:00:00+00:00
490,73,1,10,62,2020-04-29 00:00:00+00:00
491,537,38,386,113,2020-04-29 00:00:00+00:00
492,13,0,11,2,2020-04-29 00:00:00+00:00
493,141,0,131,10,2020-04-29 00:00:00+00:00
494,313,21,258,34,2020-04-29 00:00:00+00:00
495,11,1,2,8,2020-04-29 00:00:00+00:00
496,12,1,5,6,2020-04-29 00:00:00+00:00
497,171253,26771,0,144482,2020-04-30 00:00:00+00:00
498,3,0,3,0,2020-04-30 00:00:00+00:00
499,114,6,48,60,2020-04-30 00:00:00+00:00
500,6,1,3,2,2020-04-30 00:00:00+00:00
501,73,1,10,62,2020-04-30 00:00:00+00:00
502,537,40,386,111,2020-04-30 00:00:00+00:00
503,13,0,11,2,2020-04-30 00:00:00+00:00
504,144,0,131,13,2020-04-30 00:00:00+00:00
505,315,21,260,34,2020-04-30 00:00:00+00:00
506,11,1,2,8,2020-04-30 00:00:00+00:00
507,12,1,5,6,2020-04-30 00:00:00+00:00
508,177454,27510,0,149944,2020-05-01 00:00:00+00:00
509,3,0,3,0,2020-05-01 00:00:00+00:00
510,114,6,48,60,2020-05-01 00:00:00+00:00
511,6,1,3,2,2020-05-01 00:00:00+00:00
512,74,1,10,63,2020-05-01 00:00:00+00:00
513,538,41,406,91,2020-05-01 00:00:00+00:00
514,13,0,13,0,2020-05-01 00:00:00+00:00
515,144,0,131,13,2020-05-01 00:00:00+00:00
516,316,22,271,23,2020-05-01 00:00:00+00:00
517,11,1,2,8,2020-05-01 00:00:00+00:00
518,12,1,5,6,2020-05-01 00:00:00+00:00
519,182260,28131,0,154129,2020-05-02 00:00:00+00:00
520,3,0,3,0,2020-05-02 00:00:00+00:00
521,114,7,51,56,2020-05-02 00:00:00+00:00
522,6,1,3,2,2020-05-02 00:00:00+00:00
523,74,1,10,63,2020-05-02 00:00:00+00:00
524,543,41,406,96,2020-05-02 00:00:00+00:00
525,13,0,13,0,2020-05-02 00:00:00+00:00
526,144,0,132,12,2020-05-02 00:00:00+00:00
527,320,22,271,27,2020-05-02 00:00:00+00:00
528,11,1,2,8,2020-05-02 00:00:00+00:00
529,12,1,5,6,2020-05-02 00:00:00+00:00
530,186599,28446,0,158153,2020-05-03 00:00:00+00:00
531,3,0,3,0,2020-05-03 00:00:00+00:00
532,115,7,51,57,2020-05-03 00:00:00+00:00
533,6,1,3,2,2020-05-03 00:00:00+00:00
534,74,1,10,63,2020-05-03 00:00:00+00:00
535,544,41,406,97,2020-05-03 00:00:00+00:00
536,13,0,13,0,2020-05-03 00:00:00+00:00
537,144,0,132,12,2020-05-03 00:00:00+00:00
538,321,22,271,28,2020-05-03 00:00:00+00:00
539,11,1,7,3,2020-05-03 00:00:00+00:00
540,12,1,5,6,2020-05-03 00:00:00+00:00
541,190584,28734,0,161850,2020-05-04 00:00:00+00:00
542,3,0,3,0,2020-05-04 00:00:00+00:00
543,115,7,54,54,2020-05-04 00:00:00+00:00
544,6,1,3,2,2020-05-04 00:00:00+00:00
545,75,1,14,60,2020-05-04 00:00:00+00:00
546,544,41,406,97,2020-05-04 00:00:00+00:00
547,13,0,13,0,2020-05-04 00:00:00+00:00
548,144,0,133,11,2020-05-04 00:00:00+00:00
549,325,23,271,31,2020-05-04 00:00:00+00:00
550,11,1,7,3,2020-05-04 00:00:00+00:00
551,12,1,6,5,2020-05-04 00:00:00+00:00
552,194990,29427,0,165563,2020-05-05 00:00:00+00:00
553,3,0,3,0,2020-05-05 00:00:00+00:00
554,115,7,54,54,2020-05-05 00:00:00+00:00
555,6,1,3,2,2020-05-05 00:00:00+00:00
556,78,1,30,47,2020-05-05 00:00:00+00:00
557,545,40,406,99,2020-05-05 00:00:00+00:00
558,13,0,13,0,2020-05-05 00:00:00+00:00
559,144,0,133,11,2020-05-05 00:00:00+00:00
560,326,23,271,32,2020-05-05 00:00:00+00:00
561,11,1,7,3,2020-05-05 00:00:00+00:00
562,12,1,6,5,2020-05-05 00:00:00+00:00
563,201101,30076,0,171025,2020-05-06 00:00:00+00:00
564,3,0,3,0,2020-05-06 00:00:00+00:00
565,118,7,59,52,2020-05-06 00:00:00+00:00
566,7,1,3,3,2020-05-06 00:00:00+00:00
567,78,1,30,47,2020-05-06 00:00:00+00:00
568,545,40,406,99,2020-05-06 00:00:00+00:00
569,13,0,13,0,2020-05-06 00:00:00+00:00
570,144,0,136,8,2020-05-06 00:00:00+00:00
571,327,23,271,33,2020-05-06 00:00:00+00:00
572,11,1,7,3,2020-05-06 00:00:00+00:00
573,12,1,6,5,2020-05-06 00:00:00+00:00
574,206715,30615,0,176100,2020-05-07 00:00:00+00:00
575,3,0,3,0,2020-05-07 00:00:00+00:00
576,118,7,61,50,2020-05-07 00:00:00+00:00
577,7,1,3,3,2020-05-07 00:00:00+00:00
578,80,1,35,44,2020-05-07 00:00:00+00:00
579,545,40,430,75,2020-05-07 00:00:00+00:00
580,13,0,13,0,2020-05-07 00:00:00+00:00
581,144,0,141,3,2020-05-07 00:00:00+00:00
582,329,23,271,35,2020-05-07 00:00:00+00:00
583,11,1,7,3,2020-05-07 00:00:00+00:00
584,12,1,6,5,2020-05-07 00:00:00+00:00
585,211364,31241,0,180123,2020-05-08 00:00:00+00:00
586,3,0,3,0,2020-05-08 00:00:00+00:00
587,118,7,61,50,2020-05-08 00:00:00+00:00
588,7,1,3,3,2020-05-08 00:00:00+00:00
589,81,1,41,39,2020-05-08 00:00:00+00:00
590,545,41,447,57,2020-05-08 00:00:00+00:00
591,13,0,13,0,2020-05-08 00:00:00+00:00
592,146,0,142,4,2020-05-08 00:00:00+00:00
593,329,23,271,35,2020-05-08 00:00:00+00:00
594,11,1,8,2,2020-05-08 00:00:00+00:00
595,12,1,8,3,2020-05-08 00:00:00+00:00
596,215260,31587,0,183673,2020-05-09 00:00:00+00:00
597,3,0,3,0,2020-05-09 00:00:00+00:00
598,118,7,64,47,2020-05-09 00:00:00+00:00
599,7,1,4,2,2020-05-09 00:00:00+00:00
600,81,1,41,39,2020-05-09 00:00:00+00:00
601,545,41,447,57,2020-05-09 00:00:00+00:00
602,13,0,13,0,2020-05-09 00:00:00+00:00
603,146,0,142,4,2020-05-09 00:00:00+00:00
604,329,23,271,35,2020-05-09 00:00:00+00:00
605,11,1,8,2,2020-05-09 00:00:00+00:00
606,12,1,8,3,2020-05-09 00:00:00+00:00
607,219183,31855,0,187328,2020-05-10 00:00:00+00:00
608,3,0,3,0,2020-05-10 00:00:00+00:00
609,118,7,64,47,2020-05-10 00:00:00+00:00
610,7,1,4,2,2020-05-10 00:00:00+00:00
611,81,1,41,39,2020-05-10 00:00:00+00:00
612,545,41,447,57,2020-05-10 00:00:00+00:00
613,13,0,13,0,2020-05-10 00:00:00+00:00
614,146,0,143,3,2020-05-10 00:00:00+00:00
615,330,23,271,36,2020-05-10 00:00:00+00:00
616,11,1,8,2,2020-05-10 00:00:00+00:00
617,12,1,8,3,2020-05-10 00:00:00+00:00
618,223060,32065,0,190995,2020-05-11 00:00:00+00:00
619,3,0,3,0,2020-05-11 00:00:00+00:00
620,119,8,66,45,2020-05-11 00:00:00+00:00
621,7,1,4,2,2020-05-11 00:00:00+00:00
622,84,1,47,36,2020-05-11 00:00:00+00:00
623,546,41,452,53,2020-05-11 00:00:00+00:00
624,13,0,13,0,2020-05-11 00:00:00+00:00
625,147,0,143,4,2020-05-11 00:00:00+00:00
626,330,23,271,36,2020-05-11 00:00:00+00:00
627,11,1,8,2,2020-05-11 00:00:00+00:00
628,12,1,8,3,2020-05-11 00:00:00+00:00
629,226463,32692,0,193771,2020-05-12 00:00:00+00:00
630,3,0,3,0,2020-05-12 00:00:00+00:00
631,121,8,66,47,2020-05-12 00:00:00+00:00
632,7,1,4,2,2020-05-12 00:00:00+00:00
633,85,1,50,34,2020-05-12 00:00:00+00:00
634,547,42,455,50,2020-05-12 00:00:00+00:00
635,13,0,13,0,2020-05-12 00:00:00+00:00
636,148,0,144,4,2020-05-12 00:00:00+00:00
637,331,23,272,36,2020-05-12 00:00:00+00:00
638,11,1,8,2,2020-05-12 00:00:00+00:00
639,12,1,8,3,2020-05-12 00:00:00+00:00
640,229705,33186,0,196519,2020-05-13 00:00:00+00:00
641,3,0,3,0,2020-05-13 00:00:00+00:00
642,121,8,66,47,2020-05-13 00:00:00+00:00
643,7,1,4,2,2020-05-13 00:00:00+00:00
644,86,1,54,31,2020-05-13 00:00:00+00:00
645,548,43,456,49,2020-05-13 00:00:00+00:00
646,13,0,13,0,2020-05-13 00:00:00+00:00
647,147,0,144,3,2020-05-13 00:00:00+00:00
648,332,23,274,35,2020-05-13 00:00:00+00:00
649,11,1,8,2,2020-05-13 00:00:00+00:00
650,12,1,10,1,2020-05-13 00:00:00+00:00
651,233151,33614,0,199537,2020-05-14 00:00:00+00:00
652,3,0,3,0,2020-05-14 00:00:00+00:00
653,122,9,66,47,2020-05-14 00:00:00+00:00
654,7,1,4,2,2020-05-14 00:00:00+00:00
655,93,1,54,38,2020-05-14 00:00:00+00:00
656,549,43,456,50,2020-05-14 00:00:00+00:00
657,13,0,13,0,2020-05-14 00:00:00+00:00
658,147,0,144,3,2020-05-14 00:00:00+00:00
659,332,23,285,24,2020-05-14 00:00:00+00:00
660,11,1,8,2,2020-05-14 00:00:00+00:00
661,12,1,10,1,2020-05-14 00:00:00+00:00
662,236711,33998,0,202713,2020-05-15 00:00:00+00:00
663,3,0,3,0,2020-05-15 00:00:00+00:00
664,122,9,66,47,2020-05-15 00:00:00+00:00
665,8,1,6,1,2020-05-15 00:00:00+00:00
666,94,1,55,38,2020-05-15 00:00:00+00:00
667,549,43,457,49,2020-05-15 00:00:00+00:00
668,13,0,13,0,2020-05-15 00:00:00+00:00
669,147,0,144,3,2020-05-15 00:00:00+00:00
670,334,24,285,25,2020-05-15 00:00:00+00:00
671,11,1,8,2,2020-05-15 00:00:00+00:00
672,12,1,10,1,2020-05-15 00:00:00+00:00
673,240161,34466,0,205695,2020-05-16 00:00:00+00:00
674,3,0,3,0,2020-05-16 00:00:00+00:00
675,123,9,73,41,2020-05-16 00:00:00+00:00
676,8,1,6,1,2020-05-16 00:00:00+00:00
677,94,1,55,38,2020-05-16 00:00:00+00:00
678,554,43,458,53,2020-05-16 00:00:00+00:00
679,13,0,13,0,2020-05-16 00:00:00+00:00
680,147,0,145,2,2020-05-16 00:00:00+00:00
681,335,24,285,26,2020-05-16 00:00:00+00:00
682,11,1,10,0,2020-05-16 00:00:00+00:00
683,12,1,10,1,2020-05-16 00:00:00+00:00
684,243695,34636,0,209059,2020-05-17 00:00:00+00:00
685,3,0,3,0,2020-05-17 00:00:00+00:00
686,123,9,73,41,2020-05-17 00:00:00+00:00
687,8,1,6,1,2020-05-17 00:00:00+00:00
688,94,1,55,38,2020-05-17 00:00:00+00:00
689,554,43,458,53,2020-05-17 00:00:00+00:00
690,13,0,13,0,2020-05-17 00:00:00+00:00
691,147,0,145,2,2020-05-17 00:00:00+00:00
692,335,24,285,26,2020-05-17 00:00:00+00:00
693,11,1,10,0,2020-05-17 00:00:00+00:00
694,12,1,10,1,2020-05-17 00:00:00+00:00
695,246406,34796,0,211610,2020-05-18 00:00:00+00:00
696,3,0,3,0,2020-05-18 00:00:00+00:00
697,125,9,77,39,2020-05-18 00:00:00+00:00
698,8,1,6,1,2020-05-18 00:00:00+00:00
699,94,1,55,38,2020-05-18 00:00:00+00:00
700,555,43,475,37,2020-05-18 00:00:00+00:00
701,13,0,13,0,2020-05-18 00:00:00+00:00
702,147,0,145,2,2020-05-18 00:00:00+00:00
703,335,24,296,15,2020-05-18 00:00:00+00:00
704,11,1,10,0,2020-05-18 00:00:00+00:00
705,12,1,10,1,2020-05-18 00:00:00+00:00
706,248818,35341,0,213477,2020-05-19 00:00:00+00:00
707,3,0,3,0,2020-05-19 00:00:00+00:00
708,125,9,78,38,2020-05-19 00:00:00+00:00
709,8,1,6,1,2020-05-19 00:00:00+00:00
710,111,1,55,55,2020-05-19 00:00:00+00:00
711,555,44,479,32,2020-05-19 00:00:00+00:00
712,13,0,13,0,2020-05-19 00:00:00+00:00
713,147,0,145,2,2020-05-19 00:00:00+00:00
714,335,24,300,11,2020-05-19 00:00:00+00:00
715,11,1,10,0,2020-05-19 00:00:00+00:00
716,12,1,10,1,2020-05-19 00:00:00+00:00
717,248293,35704,0,212589,2020-05-20 00:00:00+00:00
718,3,0,3,0,2020-05-20 00:00:00+00:00
719,125,9,80,36,2020-05-20 00:00:00+00:00
720,8,1,6,1,2020-05-20 00:00:00+00:00
721,111,1,55,55,2020-05-20 00:00:00+00:00
722,558,45,492,21,2020-05-20 00:00:00+00:00
723,13,0,13,0,2020-05-20 00:00:00+00:00
724,149,0,145,4,2020-05-20 00:00:00+00:00
725,336,24,302,10,2020-05-20 00:00:00+00:00
726,11,1,10,0,2020-05-20 00:00:00+00:00
727,12,1,10,1,2020-05-20 00:00:00+00:00
728,250908,36042,0,214866,2020-05-21 00:00:00+00:00
729,3,0,3,0,2020-05-21 00:00:00+00:00
730,125,9,80,36,2020-05-21 00:00:00+00:00
731,8,1,6,1,2020-05-21 00:00:00+00:00
732,121,1,55,65,2020-05-21 00:00:00+00:00
733,558,45,508,5,2020-05-21 00:00:00+00:00
734,13,0,13,0,2020-05-21 00:00:00+00:00
735,151,0,146,5,2020-05-21 00:00:00+00:00
736,336,24,303,9,2020-05-21 00:00:00+00:00
737,11,1,10,0,2020-05-21 00:00:00+00:00
738,12,1,10,1,2020-05-21 00:00:00+00:00
739,254195,36393,0,217802,2020-05-22 00:00:00+00:00
740,3,0,3,0,2020-05-22 00:00:00+00:00
741,128,9,81,38,2020-05-22 00:00:00+00:00
742,8,1,6,1,2020-05-22 00:00:00+00:00
743,129,1,61,67,2020-05-22 00:00:00+00:00
744,558,45,508,5,2020-05-22 00:00:00+00:00
745,13,0,13,0,2020-05-22 00:00:00+00:00
746,151,0,147,4,2020-05-22 00:00:00+00:00
747,336,24,303,9,2020-05-22 00:00:00+00:00
748,11,1,10,0,2020-05-22 00:00:00+00:00
749,12,1,10,1,2020-05-22 00:00:00+00:00
750,257154,36675,0,220479,2020-05-23 00:00:00+00:00
751,3,0,3,0,2020-05-23 00:00:00+00:00
752,128,9,81,38,2020-05-23 00:00:00+00:00
753,8,1,6,1,2020-05-23 00:00:00+00:00
754,129,1,61,67,2020-05-23 00:00:00+00:00
755,558,45,515,0,2020-05-23 00:00:00+00:00
756,13,0,13,0,2020-05-23 00:00:00+00:00
757,152,0,147,5,2020-05-23 00:00:00+00:00
758,336,24,303,9,2020-05-23 00:00:00+00:00
759,11,1,10,0,2020-05-23 00:00:00+00:00
760,12,1,10,1,2020-05-23 00:00:00+00:00
761,259559,36793,0,222766,2020-05-24 00:00:00+00:00
762,3,0,3,0,2020-05-24 00:00:00+00:00
763,133,9,81,43,2020-05-24 00:00:00+00:00
764,8,1,6,1,2020-05-24 00:00:00+00:00
765,129,1,61,67,2020-05-24 00:00:00+00:00
766,558,45,517,0,2020-05-24 00:00:00+00:00
767,13,0,13,0,2020-05-24 00:00:00+00:00
768,154,0,147,7,2020-05-24 00:00:00+00:00
769,336,24,303,9,2020-05-24 00:00:00+00:00
770,11,1,10,0,2020-05-24 00:00:00+00:00
771,12,1,10,1,2020-05-24 00:00:00+00:00
772,261184,36914,0,224270,2020-05-25 00:00:00+00:00
773,3,0,3,0,2020-05-25 00:00:00+00:00
774,133,9,89,35,2020-05-25 00:00:00+00:00
775,8,1,6,1,2020-05-25 00:00:00+00:00
776,134,1,61,72,2020-05-25 00:00:00+00:00
777,559,45,517,0,2020-05-25 00:00:00+00:00
778,13,0,13,0,2020-05-25 00:00:00+00:00
779,154,0,147,7,2020-05-25 00:00:00+00:00
780,336,24,305,7,2020-05-25 00:00:00+00:00
781,11,1,10,0,2020-05-25 00:00:00+00:00
782,12,1,10,1,2020-05-25 00:00:00+00:00
783,265227,37048,0,228179,2020-05-26 00:00:00+00:00
784,3,0,3,0,2020-05-26 00:00:00+00:00
785,139,9,91,39,2020-05-26 00:00:00+00:00
786,8,1,6,1,2020-05-26 00:00:00+00:00
787,137,1,63,73,2020-05-26 00:00:00+00:00
788,559,45,512,2,2020-05-26 00:00:00+00:00
789,13,0,13,0,2020-05-26 00:00:00+00:00
790,154,0,147,7,2020-05-26 00:00:00+00:00
791,336,24,306,6,2020-05-26 00:00:00+00:00
792,11,1,10,0,2020-05-26 00:00:00+00:00
793,12,1,10,1,2020-05-26 00:00:00+00:00
794,267240,37460,0,229780,2020-05-27 00:00:00+00:00
795,3,0,3,0,2020-05-27 00:00:00+00:00
796,139,9,91,39,2020-05-27 00:00:00+00:00
797,8,1,7,0,2020-05-27 00:00:00+00:00
798,140,1,67,72,2020-05-27 00:00:00+00:00
799,560,45,512,3,2020-05-27 00:00:00+00:00
800,13,0,13,0,2020-05-27 00:00:00+00:00
801,157,0,147,10,2020-05-27 00:00:00+00:00
802,336,24,306,6,2020-05-27 00:00:00+00:00
803,11,1,10,0,2020-05-27 00:00:00+00:00
804,12,1,10,1,2020-05-27 00:00:00+00:00
805,269127,37837,0,231290,2020-05-28 00:00:00+00:00
806,3,0,3,0,2020-05-28 00:00:00+00:00
807,140,9,92,39,2020-05-28 00:00:00+00:00
808,8,1,7,0,2020-05-28 00:00:00+00:00
809,140,1,67,72,2020-05-28 00:00:00+00:00
810,560,45,512,3,2020-05-28 00:00:00+00:00
811,13,0,13,0,2020-05-28 00:00:00+00:00
812,158,0,147,11,2020-05-28 00:00:00+00:00
813,336,24,306,6,2020-05-28 00:00:00+00:00
814,11,1,10,0,2020-05-28 00:00:00+00:00
815,12,1,10,1,2020-05-28 00:00:00+00:00
816,271222,38161,0,233061,2020-05-29 00:00:00+00:00
817,3,0,3,0,2020-05-29 00:00:00+00:00
818,140,9,92,39,2020-05-29 00:00:00+00:00
819,8,1,7,0,2020-05-29 00:00:00+00:00
820,141,1,68,72,2020-05-29 00:00:00+00:00
821,560,45,512,3,2020-05-29 00:00:00+00:00
822,13,0,13,0,2020-05-29 00:00:00+00:00
823,161,0,148,13,2020-05-29 00:00:00+00:00
824,336,24,309,3,2020-05-29 00:00:00+00:00
825,11,1,10,0,2020-05-29 00:00:00+00:00
826,12,1,10,1,2020-05-29 00:00:00+00:00
827,272826,38376,0,234450,2020-05-30 00:00:00+00:00
828,3,0,3,0,2020-05-30 00:00:00+00:00
829,140,9,92,39,2020-05-30 00:00:00+00:00
830,8,1,7,0,2020-05-30 00:00:00+00:00
831,141,1,68,72,2020-05-30 00:00:00+00:00
832,560,45,525,0,2020-05-30 00:00:00+00:00
833,13,0,13,0,2020-05-30 00:00:00+00:00
834,169,0,149,20,2020-05-30 00:00:00+00:00
835,336,24,309,3,2020-05-30 00:00:00+00:00
836,11,1,10,0,2020-05-30 00:00:00+00:00
837,12,1,11,0,2020-05-30 00:00:00+00:00
838,274762,38489,0,236273,2020-05-31 00:00:00+00:00
839,3,0,3,0,2020-05-31 00:00:00+00:00
840,140,9,92,39,2020-05-31 00:00:00+00:00
841,8,1,7,0,2020-05-31 00:00:00+00:00
842,141,1,68,72,2020-05-31 00:00:00+00:00
843,560,45,528,0,2020-05-31 00:00:00+00:00
844,13,0,13,0,2020-05-31 00:00:00+00:00
845,170,0,149,21,2020-05-31 00:00:00+00:00
846,336,24,309,3,2020-05-31 00:00:00+00:00
847,11,1,10,0,2020-05-31 00:00:00+00:00
848,12,1,11,0,2020-05-31 00:00:00+00:00
849,276332,39045,0,237287,2020-06-01 00:00:00+00:00
850,3,0,3,0,2020-06-01 00:00:00+00:00
851,141,9,112,20,2020-06-01 00:00:00+00:00
852,8,1,7,0,2020-06-01 00:00:00+00:00
853,150,1,75,74,2020-06-01 00:00:00+00:00
854,560,45,528,0,2020-06-01 00:00:00+00:00
855,13,0,13,0,2020-06-01 00:00:00+00:00
856,170,0,151,19,2020-06-01 00:00:00+00:00
857,336,24,311,1,2020-06-01 00:00:00+00:00
858,11,1,10,0,2020-06-01 00:00:00+00:00
859,12,1,11,0,2020-06-01 00:00:00+00:00
860,277985,39369,0,238616,2020-06-02 00:00:00+00:00
861,3,0,3,0,2020-06-02 00:00:00+00:00
862,141,9,113,19,2020-06-02 00:00:00+00:00
863,8,1,7,0,2020-06-02 00:00:00+00:00
864,151,1,77,73,2020-06-02 00:00:00+00:00
865,560,46,528,0,2020-06-02 00:00:00+00:00
866,13,0,13,0,2020-06-02 00:00:00+00:00
867,172,0,151,21,2020-06-02 00:00:00+00:00
868,336,24,311,1,2020-06-02 00:00:00+00:00
869,11,1,10,0,2020-06-02 00:00:00+00:00
870,12,1,11,0,2020-06-02 00:00:00+00:00
871,279856,39728,0,240128,2020-06-03 00:00:00+00:00
872,3,0,3,0,2020-06-03 00:00:00+00:00
873,141,9,113,19,2020-06-03 00:00:00+00:00
874,8,1,7,0,2020-06-03 00:00:00+00:00
875,156,1,78,77,2020-06-03 00:00:00+00:00
876,561,46,512,3,2020-06-03 00:00:00+00:00
877,13,0,13,0,2020-06-03 00:00:00+00:00
878,173,0,153,20,2020-06-03 00:00:00+00:00
879,336,24,312,0,2020-06-03 00:00:00+00:00
880,11,1,10,0,2020-06-03 00:00:00+00:00
881,12,1,11,0,2020-06-03 00:00:00+00:00
882,281661,39904,0,241757,2020-06-04 00:00:00+00:00
883,3,0,3,0,2020-06-04 00:00:00+00:00
884,141,9,113,19,2020-06-04 00:00:00+00:00
885,8,1,7,0,2020-06-04 00:00:00+00:00
886,160,1,85,74,2020-06-04 00:00:00+00:00
887,561,46,512,3,2020-06-04 00:00:00+00:00
888,13,0,13,0,2020-06-04 00:00:00+00:00
889,173,0,153,20,2020-06-04 00:00:00+00:00
890,336,24,312,0,2020-06-04 00:00:00+00:00
891,11,1,10,0,2020-06-04 00:00:00+00:00
892,12,1,11,0,2020-06-04 00:00:00+00:00
893,283311,40261,0,243050,2020-06-05 00:00:00+00:00
894,3,0,3,0,2020-06-05 00:00:00+00:00
895,141,9,114,18,2020-06-05 00:00:00+00:00
896,8,1,7,0,2020-06-05 00:00:00+00:00
897,164,1,93,70,2020-06-05 00:00:00+00:00
898,561,46,512,3,2020-06-05 00:00:00+00:00
899,13,0,13,0,2020-06-05 00:00:00+00:00
900,174,0,153,21,2020-06-05 00:00:00+00:00
901,336,24,312,0,2020-06-05 00:00:00+00:00
902,11,1,10,0,2020-06-05 00:00:00+00:00
903,12,1,11,0,2020-06-05 00:00:00+00:00
904,284868,40465,0,244403,2020-06-06 00:00:00+00:00
905,3,0,3,0,2020-06-06 00:00:00+00:00
906,141,9,114,18,2020-06-06 00:00:00+00:00
907,8,1,7,0,2020-06-06 00:00:00+00:00
908,164,1,93,70,2020-06-06 00:00:00+00:00
909,563,46,512,5,2020-06-06 00:00:00+00:00
910,13,0,13,0,2020-06-06 00:00:00+00:00
911,175,0,155,20,2020-06-06 00:00:00+00:00
912,336,24,312,0,2020-06-06 00:00:00+00:00
913,11,1,10,0,2020-06-06 00:00:00+00:00
914,12,1,11,0,2020-06-06 00:00:00+00:00
915,286194,40542,0,245652,2020-06-07 00:00:00+00:00
916,3,0,3,0,2020-06-07 00:00:00+00:00
917,141,9,114,18,2020-06-07 00:00:00+00:00
918,8,1,7,0,2020-06-07 00:00:00+00:00
919,164,1,93,70,2020-06-07 00:00:00+00:00
920,563,46,512,5,2020-06-07 00:00:00+00:00
921,13,0,13,0,2020-06-07 00:00:00+00:00
922,176,0,164,12,2020-06-07 00:00:00+00:00
923,336,24,312,0,2020-06-07 00:00:00+00:00
924,11,1,10,0,2020-06-07 00:00:00+00:00
925,12,1,11,0,2020-06-07 00:00:00+00:00
926,287399,40597,0,246802,2020-06-08 00:00:00+00:00
927,3,0,3,0,2020-06-08 00:00:00+00:00
928,141,9,120,12,2020-06-08 00:00:00+00:00
929,8,1,7,0,2020-06-08 00:00:00+00:00
930,171,1,102,68,2020-06-08 00:00:00+00:00
931,564,46,512,6,2020-06-08 00:00:00+00:00
932,13,0,13,0,2020-06-08 00:00:00+00:00
933,176,0,165,11,2020-06-08 00:00:00+00:00
934,336,24,312,0,2020-06-08 00:00:00+00:00
935,11,1,10,0,2020-06-08 00:00:00+00:00
936,12,1,11,0,2020-06-08 00:00:00+00:00
937,289140,40883,0,248257,2020-06-09 00:00:00+00:00
938,3,0,3,0,2020-06-09 00:00:00+00:00
939,141,9,120,12,2020-06-09 00:00:00+00:00
940,8,1,7,0,2020-06-09 00:00:00+00:00
941,176,1,104,71,2020-06-09 00:00:00+00:00
942,565,48,512,5,2020-06-09 00:00:00+00:00
943,13,0,13,0,2020-06-09 00:00:00+00:00
944,176,0,165,11,2020-06-09 00:00:00+00:00
945,336,24,312,0,2020-06-09 00:00:00+00:00
946,11,1,10,0,2020-06-09 00:00:00+00:00
947,12,1,11,0,2020-06-09 00:00:00+00:00
948,290143,41128,0,249015,2020-06-10 00:00:00+00:00
949,3,0,3,0,2020-06-10 00:00:00+00:00
950,141,9,125,7,2020-06-10 00:00:00+00:00
951,8,1,7,0,2020-06-10 00:00:00+00:00
952,180,1,107,72,2020-06-10 00:00:00+00:00
953,565,48,512,5,2020-06-10 00:00:00+00:00
954,13,0,13,0,2020-06-10 00:00:00+00:00
955,176,0,169,7,2020-06-10 00:00:00+00:00
956,336,24,312,0,2020-06-10 00:00:00+00:00
957,11,1,10,0,2020-06-10 00:00:00+00:00
958,12,1,11,0,2020-06-10 00:00:00+00:00
959,291409,41279,0,250130,2020-06-11 00:00:00+00:00
960,3,0,3,0,2020-06-11 00:00:00+00:00
961,141,9,127,5,2020-06-11 00:00:00+00:00
962,8,1,7,0,2020-06-11 00:00:00+00:00
963,186,1,112,73,2020-06-11 00:00:00+00:00
964,565,48,512,5,2020-06-11 00:00:00+00:00
965,13,0,13,0,2020-06-11 00:00:00+00:00
966,176,0,171,5,2020-06-11 00:00:00+00:00
967,336,24,312,0,2020-06-11 00:00:00+00:00
968,11,1,10,0,2020-06-11 00:00:00+00:00
969,12,1,11,0,2020-06-11 00:00:00+00:00
970,292950,41481,0,251469,2020-06-12 00:00:00+00:00
971,3,0,3,0,2020-06-12 00:00:00+00:00
972,141,9,127,5,2020-06-12 00:00:00+00:00
973,8,1,7,0,2020-06-12 00:00:00+00:00
974,187,1,115,71,2020-06-12 00:00:00+00:00
975,565,48,512,5,2020-06-12 00:00:00+00:00
976,13,0,13,0,2020-06-12 00:00:00+00:00
977,176,0,172,4,2020-06-12 00:00:00+00:00
978,336,24,312,0,2020-06-12 00:00:00+00:00
979,11,1,10,0,2020-06-12 00:00:00+00:00
980,12,1,11,0,2020-06-12 00:00:00+00:00
981,294375,41662,0,252713,2020-06-13 00:00:00+00:00
982,3,0,3,0,2020-06-13 00:00:00+00:00
983,142,9,127,6,2020-06-13 00:00:00+00:00
984,8,1,7,0,2020-06-13 00:00:00+00:00
985,187,1,115,71,2020-06-13 00:00:00+00:00
986,565,48,512,5,2020-06-13 00:00:00+00:00
987,13,0,13,0,2020-06-13 00:00:00+00:00
988,176,0,173,3,2020-06-13 00:00:00+00:00
989,336,24,312,0,2020-06-13 00:00:00+00:00
990,11,1,10,0,2020-06-13 00:00:00+00:00
991,12,1,11,0,2020-06-13 00:00:00+00:00
992,295889,41698,0,254191,2020-06-14 00:00:00+00:00
993,3,0,3,0,2020-06-14 00:00:00+00:00
994,142,9,127,6,2020-06-14 00:00:00+00:00
995,8,1,7,0,2020-06-14 00:00:00+00:00
996,187,1,115,71,2020-06-14 00:00:00+00:00
997,565,48,512,5,2020-06-14 00:00:00+00:00
998,13,0,13,0,2020-06-14 00:00:00+00:00
999,176,0,173,3,2020-06-14 00:00:00+00:00
1000,336,24,312,0,2020-06-14 00:00:00+00:00
1001,11,1,10,0,2020-06-14 00:00:00+00:00
1002,12,1,11,0,2020-06-14 00:00:00+00:00
1003,296857,41736,0,255121,2020-06-15 00:00:00+00:00
1004,3,0,3,0,2020-06-15 00:00:00+00:00
1005,144,9,127,8,2020-06-15 00:00:00+00:00
1006,8,1,7,0,2020-06-15 00:00:00+00:00
1007,187,1,115,71,2020-06-15 00:00:00+00:00
1008,568,48,512,8,2020-06-15 00:00:00+00:00
1009,13,0,13,0,2020-06-15 00:00:00+00:00
1010,176,0,174,2,2020-06-15 00:00:00+00:00
1011,336,24,312,0,2020-06-15 00:00:00+00:00
1012,11,1,10,0,2020-06-15 00:00:00+00:00
1013,12,1,11,0,2020-06-15 00:00:00+00:00
1014,298136,41969,0,256167,2020-06-16 00:00:00+00:00
1015,3,0,3,0,2020-06-16 00:00:00+00:00
1016,144,9,128,7,2020-06-16 00:00:00+00:00
1017,8,1,7,0,2020-06-16 00:00:00+00:00
1018,193,1,123,69,2020-06-16 00:00:00+00:00
1019,568,48,512,8,2020-06-16 00:00:00+00:00
1020,13,0,13,0,2020-06-16 00:00:00+00:00
1021,176,0,174,2,2020-06-16 00:00:00+00:00
1022,336,24,312,0,2020-06-16 00:00:00+00:00
1023,11,1,10,0,2020-06-16 00:00:00+00:00
1024,12,1,11,0,2020-06-16 00:00:00+00:00
1025,299251,42153,0,257098,2020-06-17 00:00:00+00:00
1026,3,0,3,0,2020-06-17 00:00:00+00:00
1027,144,9,128,7,2020-06-17 00:00:00+00:00
1028,8,1,7,0,2020-06-17 00:00:00+00:00
1029,193,1,132,60,2020-06-17 00:00:00+00:00
1030,570,48,512,10,2020-06-17 00:00:00+00:00
1031,13,0,13,0,2020-06-17 00:00:00+00:00
1032,176,0,176,0,2020-06-17 00:00:00+00:00
1033,336,24,312,0,2020-06-17 00:00:00+00:00
1034,11,1,10,0,2020-06-17 00:00:00+00:00
1035,12,1,11,0,2020-06-17 00:00:00+00:00
1036,300469,42288,0,258181,2020-06-18 00:00:00+00:00
1037,3,0,3,0,2020-06-18 00:00:00+00:00
1038,144,9,128,7,2020-06-18 00:00:00+00:00
1039,8,1,7,0,2020-06-18 00:00:00+00:00
1040,193,1,141,51,2020-06-18 00:00:00+00:00
1041,570,48,512,10,2020-06-18 00:00:00+00:00
1042,13,0,13,0,2020-06-18 00:00:00+00:00
1043,176,0,176,0,2020-06-18 00:00:00+00:00
1044,336,24,312,0,2020-06-18 00:00:00+00:00
1045,11,1,10,0,2020-06-18 00:00:00+00:00
1046,12,1,11,0,2020-06-18 00:00:00+00:00
1047,301815,42461,0,259354,2020-06-19 00:00:00+00:00
1048,3,0,3,0,2020-06-19 00:00:00+00:00
1049,146,9,132,5,2020-06-19 00:00:00+00:00
1050,8,1,7,0,2020-06-19 00:00:00+00:00
1051,195,1,143,51,2020-06-19 00:00:00+00:00
1052,570,48,512,10,2020-06-19 00:00:00+00:00
1053,13,0,13,0,2020-06-19 00:00:00+00:00
1054,176,0,176,0,2020-06-19 00:00:00+00:00
1055,336,24,312,0,2020-06-19 00:00:00+00:00
1056,11,1,10,0,2020-06-19 00:00:00+00:00
1057,12,1,11,0,2020-06-19 00:00:00+00:00
1058,303110,42589,0,260521,2020-06-20 00:00:00+00:00
1059,3,0,3,0,2020-06-20 00:00:00+00:00
1060,146,9,132,5,2020-06-20 00:00:00+00:00
1061,8,1,7,0,2020-06-20 00:00:00+00:00
1062,195,1,143,51,2020-06-20 00:00:00+00:00
1063,570,48,512,10,2020-06-20 00:00:00+00:00
1064,13,0,13,0,2020-06-20 00:00:00+00:00
1065,176,0,176,0,2020-06-20 00:00:00+00:00
1066,336,24,312,0,2020-06-20 00:00:00+00:00
1067,11,1,10,0,2020-06-20 00:00:00+00:00
1068,12,1,11,0,2020-06-20 00:00:00+00:00
1069,304331,42632,0,261699,2020-06-21 00:00:00+00:00
1070,3,0,3,0,2020-06-21 00:00:00+00:00
1071,146,9,132,5,2020-06-21 00:00:00+00:00
1072,8,1,7,0,2020-06-21 00:00:00+00:00
1073,195,1,143,51,2020-06-21 00:00:00+00:00
1074,570,48,512,10,2020-06-21 00:00:00+00:00
1075,13,0,13,0,2020-06-21 00:00:00+00:00
1076,176,0,176,0,2020-06-21 00:00:00+00:00
1077,336,24,312,0,2020-06-21 00:00:00+00:00
1078,11,1,10,0,2020-06-21 00:00:00+00:00
1079,14,1,11,2,2020-06-21 00:00:00+00:00
1080,305289,42647,0,262642,2020-06-22 00:00:00+00:00
1081,3,0,3,0,2020-06-22 00:00:00+00:00
1082,146,9,132,5,2020-06-22 00:00:00+00:00
1083,8,1,7,0,2020-06-22 00:00:00+00:00
1084,195,1,146,48,2020-06-22 00:00:00+00:00
1085,570,47,512,11,2020-06-22 00:00:00+00:00
1086,13,0,13,0,2020-06-22 00:00:00+00:00
1087,176,0,176,0,2020-06-22 00:00:00+00:00
1088,336,24,312,0,2020-06-22 00:00:00+00:00
1089,11,1,10,0,2020-06-22 00:00:00+00:00
1090,14,1,11,2,2020-06-22 00:00:00+00:00
1091,306210,42927,0,263283,2020-06-23 00:00:00+00:00
1092,3,0,3,0,2020-06-23 00:00:00+00:00
1093,146,9,132,5,2020-06-23 00:00:00+00:00
1094,8,1,7,0,2020-06-23 00:00:00+00:00
1095,195,1,154,40,2020-06-23 00:00:00+00:00
1096,570,47,512,11,2020-06-23 00:00:00+00:00
1097,13,0,13,0,2020-06-23 00:00:00+00:00
1098,176,0,176,0,2020-06-23 00:00:00+00:00
1099,336,24,312,0,2020-06-23 00:00:00+00:00
1100,11,1,10,0,2020-06-23 00:00:00+00:00
1101,14,1,11,2,2020-06-23 00:00:00+00:00
